Crop,N,P,K,Temperature,Humidity,Moisture,Soil_Type,Fertilizer
Tomato,63,34,39,28.7,31.1,76.4,Black,Organic
Sugarcane,99,58,54,30.9,34.9,30.3,Sandy,Compost
Sugarcane,122,38,33,20.5,56.2,58.4,Red,Compost
Tomato,105,45,68,24.3,86.9,73.3,Clay,Organic
Cotton,25,35,57,29.2,84.7,59.4,Clay,MOP
Cotton,101,60,26,34.3,63.0,25.6,Clay,MOP
Wheat,129,37,45,20.1,32.1,20.5,Clay,DAP
Sugarcane,87,38,45,19.5,78.0,88.9,Sandy,Urea
Rice,102,77,65,22.5,33.0,55.6,Sandy,Urea
Wheat,43,51,78,33.0,37.5,63.8,Sandy,DAP
Rice,129,22,51,19.3,66.4,75.0,Clay,Urea
Maize,101,73,20,26.2,79.2,70.4,Clay,NPK
Sugarcane,37,79,41,19.9,57.4,39.9,Sandy,Compost
Maize,25,64,79,20.3,34.0,40.8,Loamy,NPK
Millet,119,35,52,22.0,52.7,44.4,Red,SSP
Sugarcane,54,10,26,22.2,46.6,63.1,Clay,Compost
Wheat,56,30,48,30.3,61.5,43.3,Loamy,DAP
Maize,116,32,65,22.5,43.2,28.0,Sandy,NPK
Maize,90,62,25,25.0,89.7,88.1,Sandy,NPK
Rice,38,58,34,32.1,84.0,27.8,Clay,Organic
Cotton,20,24,17,21.5,67.3,42.9,Red,MOP
Sugarcane,91,46,18,22.0,76.6,50.3,Red,Compost
Maize,79,78,22,31.3,58.9,47.0,Sandy,NPK
Millet,55,50,76,38.3,76.7,46.7,Clay,SSP
Wheat,84,49,71,27.6,84.8,83.0,Clay,Organic
Millet,140,56,39,38.3,78.9,32.9,Loamy,Urea
Maize,137,80,17,28.1,72.0,56.8,Loamy,NPK
Wheat,81,65,45,32.7,66.6,69.7,Loamy,NPK
Sugarcane,64,32,20,24.4,36.0,76.7,Black,Compost
Millet,94,67,10,19.6,43.2,42.8,Loamy,SSP
Rice,59,57,63,39.6,45.5,85.5,Loamy,Urea
Maize,75,18,29,36.5,85.3,32.8,Black,NPK
Cotton,123,74,43,26.1,41.9,88.7,Red,MOP
Tomato,116,44,60,30.7,79.3,85.5,Black,MOP
Sugarcane,78,36,79,20.2,77.0,30.2,Sandy,DAP
Millet,92,68,18,38.3,43.9,53.3,Clay,SSP
Maize,124,74,70,30.9,67.8,38.8,Loamy,NPK
Tomato,116,12,80,16.6,38.3,66.6,Black,Organic
Rice,133,38,78,27.8,37.3,48.3,Red,Urea
Wheat,36,20,38,38.8,35.0,36.9,Loamy,DAP
Maize,125,43,12,21.7,35.2,73.4,Clay,Compost
Rice,78,23,56,26.1,55.5,27.7,Sandy,Urea
Sugarcane,139,75,76,16.7,64.3,22.4,Loamy,Compost
Wheat,135,42,50,27.9,80.3,37.4,Loamy,DAP
Wheat,106,57,67,24.6,36.7,88.4,Black,DAP
Millet,81,47,63,35.7,58.1,67.6,Clay,SSP
Wheat,110,26,39,29.5,75.7,80.9,Sandy,DAP
Sugarcane,64,24,49,31.4,61.6,57.6,Loamy,MOP
Cotton,71,24,55,26.9,32.4,84.9,Loamy,SSP
Wheat,116,29,62,38.0,34.7,39.5,Black,DAP
Wheat,63,72,12,27.2,73.3,54.5,Red,DAP
Tomato,41,17,22,22.3,77.8,64.9,Black,Organic
Rice,37,14,59,37.1,83.5,34.4,Sandy,Urea
Rice,85,11,58,28.0,68.3,41.0,Loamy,Urea
Rice,28,44,21,18.3,64.8,67.7,Loamy,Urea
Rice,53,55,58,30.1,73.6,89.5,Clay,Urea
Wheat,39,15,42,19.8,34.7,68.6,Clay,DAP
Millet,124,67,43,27.9,82.1,57.7,Black,Compost
Sugarcane,129,48,63,34.3,81.3,48.3,Clay,Compost
Rice,66,12,63,24.5,66.8,23.9,Red,Urea
Rice,139,49,67,33.5,85.6,38.4,Loamy,Urea
Millet,122,47,31,16.5,71.4,27.9,Clay,NPK
Sugarcane,130,20,66,22.2,38.4,74.8,Clay,DAP
Sugarcane,35,54,65,34.0,54.8,27.4,Black,Compost
Tomato,121,46,79,36.6,76.2,29.5,Sandy,Organic
Sugarcane,130,64,77,22.1,66.4,43.3,Black,Compost
Maize,30,65,66,15.8,41.9,81.9,Black,SSP
Tomato,57,61,25,18.9,57.5,47.0,Loamy,Organic
Wheat,20,43,76,24.6,48.8,80.4,Clay,DAP
Millet,107,36,39,16.6,48.5,42.6,Black,SSP
Rice,112,39,72,22.9,75.6,24.2,Red,Urea
Millet,102,64,42,23.4,56.0,45.4,Sandy,SSP
Millet,23,58,11,34.3,85.3,63.3,Red,Organic
Millet,73,31,67,29.7,69.8,74.7,Loamy,NPK
Tomato,49,22,72,28.1,58.8,36.4,Red,DAP
Cotton,23,20,54,26.3,88.2,64.7,Red,Urea
Millet,26,67,50,28.6,83.5,65.9,Sandy,SSP
Millet,89,74,57,23.9,66.3,53.4,Red,Organic
Rice,106,26,19,35.5,78.1,31.9,Clay,Urea
Tomato,90,40,40,18.8,60.1,50.5,Clay,Organic
Wheat,89,54,60,31.1,49.1,39.7,Black,DAP
Cotton,40,13,54,15.6,47.7,45.0,Red,MOP
Wheat,119,25,22,25.4,58.0,54.1,Clay,DAP
Sugarcane,107,53,29,24.6,32.7,29.4,Loamy,Organic
Maize,51,74,79,17.6,69.0,45.6,Sandy,NPK
Cotton,97,58,56,27.1,43.2,27.5,Clay,SSP
Sugarcane,63,21,44,38.0,38.2,33.0,Loamy,MOP
Tomato,22,28,52,34.5,40.6,55.9,Red,Organic
Tomato,113,78,16,23.7,57.2,27.5,Loamy,Organic
Tomato,41,77,60,39.6,56.2,76.2,Black,Organic
Wheat,39,63,11,25.9,41.4,54.4,Red,DAP
Wheat,136,45,45,27.5,89.4,41.0,Sandy,DAP
Sugarcane,48,16,29,28.9,82.2,28.2,Clay,Compost
Sugarcane,95,57,61,36.9,83.1,42.0,Sandy,Compost
Millet,26,51,24,30.4,78.6,59.7,Black,SSP
Wheat,53,80,33,35.6,55.2,53.7,Sandy,Organic
Cotton,44,26,59,24.1,71.1,51.7,Red,MOP
Cotton,46,29,59,23.5,52.9,50.0,Black,NPK
Millet,132,62,68,27.2,74.7,24.7,Red,SSP
Tomato,100,13,41,38.3,70.5,63.6,Loamy,MOP
Maize,26,31,18,16.8,71.3,76.4,Clay,NPK
Sugarcane,46,18,14,19.3,58.0,42.0,Red,Compost
Tomato,39,52,12,33.8,65.2,23.1,Red,Organic
Rice,53,68,46,27.8,40.6,87.5,Clay,Urea
Sugarcane,21,75,54,33.5,63.9,49.5,Sandy,Compost
Rice,89,30,72,39.5,89.1,35.1,Black,Urea
Cotton,121,12,27,31.5,51.7,48.7,Loamy,MOP
Maize,59,24,47,18.7,37.4,73.9,Sandy,NPK
Sugarcane,132,35,63,26.0,36.1,21.7,Clay,Compost
Tomato,37,16,78,16.5,55.3,69.0,Loamy,Organic
Millet,121,71,51,17.7,73.6,53.8,Clay,SSP
Maize,48,22,54,32.1,62.6,28.7,Black,NPK
Sugarcane,78,20,32,20.4,52.7,63.4,Sandy,Compost
Wheat,97,45,78,28.1,49.8,87.8,Loamy,DAP
Cotton,54,35,71,31.1,53.6,80.1,Black,Organic
Cotton,50,33,37,19.9,65.4,83.6,Clay,MOP
Maize,134,44,44,25.5,71.1,88.8,Clay,NPK
Rice,58,73,14,21.6,76.4,38.1,Red,Urea
Cotton,107,70,58,37.6,59.0,61.4,Loamy,MOP
Maize,42,32,72,24.8,37.2,45.4,Red,NPK
Wheat,45,80,63,23.1,86.3,48.3,Clay,DAP
Millet,134,78,28,29.3,51.8,56.9,Loamy,SSP
Millet,134,54,18,19.0,78.7,76.3,Loamy,DAP
Wheat,73,56,33,22.2,86.3,76.1,Loamy,DAP
Tomato,29,52,40,23.5,36.2,42.3,Clay,Organic
Wheat,103,16,32,20.4,72.7,67.3,Sandy,DAP
Wheat,105,22,23,18.8,84.6,23.2,Loamy,DAP
Wheat,57,24,77,26.0,50.2,71.3,Sandy,Organic
Rice,131,17,12,23.8,33.2,73.0,Red,Urea
Sugarcane,43,77,35,24.5,55.3,34.6,Clay,Compost
Rice,74,60,33,22.7,41.4,90.0,Loamy,Compost
Tomato,123,78,41,38.5,70.4,46.0,Loamy,Organic
Cotton,109,78,74,15.4,44.9,20.3,Loamy,Organic
Millet,131,71,68,27.7,65.9,68.9,Black,SSP
Wheat,43,52,13,28.7,65.7,22.6,Loamy,DAP
Wheat,63,53,71,36.8,43.2,60.4,Red,DAP
Maize,44,27,33,28.7,70.6,28.3,Loamy,NPK
Tomato,130,31,11,18.8,30.3,52.6,Black,Organic
Cotton,133,37,67,15.2,36.8,79.1,Loamy,MOP
Sugarcane,125,15,61,33.5,39.5,21.2,Red,Compost
Millet,26,50,26,37.2,61.8,83.9,Sandy,SSP
Tomato,35,36,14,21.2,32.2,28.7,Red,MOP
Tomato,31,51,41,24.4,66.5,42.3,Clay,Organic
Maize,69,80,42,24.8,55.8,84.5,Clay,NPK
Rice,44,18,10,37.9,40.9,81.5,Loamy,Urea
Millet,38,34,69,38.4,54.3,40.2,Sandy,SSP
Millet,54,11,30,36.6,62.1,57.2,Sandy,SSP
Tomato,57,12,69,30.4,57.2,85.3,Black,MOP
Sugarcane,32,21,21,15.1,54.7,58.7,Black,Compost
Sugarcane,70,25,64,31.1,67.5,81.1,Sandy,Compost
Cotton,22,64,10,17.2,48.7,81.4,Black,MOP
Wheat,114,55,61,32.0,85.1,51.8,Clay,DAP
Rice,121,74,20,23.3,78.1,34.9,Loamy,Urea
Maize,106,55,68,32.5,44.6,77.4,Black,NPK
Tomato,82,68,20,21.0,30.5,84.7,Sandy,Organic
Rice,51,67,63,32.3,36.2,63.8,Loamy,Urea
Tomato,24,58,74,35.2,66.2,74.6,Sandy,Organic
Rice,118,44,22,15.2,48.7,84.6,Sandy,Urea
Millet,74,26,61,28.8,77.1,43.0,Clay,SSP
Maize,85,62,50,29.6,89.4,59.4,Red,NPK
Maize,76,49,59,28.4,37.5,88.9,Clay,NPK
Tomato,102,70,66,23.3,51.3,72.6,Sandy,Organic
Tomato,125,41,77,38.3,65.8,44.4,Clay,Organic
Cotton,140,53,28,30.0,81.1,31.1,Clay,Organic
Wheat,92,71,47,37.4,76.5,35.2,Loamy,DAP
Tomato,62,10,24,36.0,32.2,69.4,Clay,Organic
Cotton,111,24,36,29.7,34.9,73.0,Black,MOP
Sugarcane,35,48,31,23.1,74.0,77.3,Red,NPK
Cotton,125,50,47,35.0,63.9,36.5,Black,MOP
Tomato,34,22,72,18.6,62.5,44.1,Red,Organic
Wheat,34,54,12,30.8,57.1,64.9,Red,DAP
Sugarcane,20,11,20,34.2,65.9,38.2,Clay,Compost
Cotton,132,10,58,18.5,59.5,28.8,Red,MOP
Wheat,75,15,45,29.1,51.9,51.5,Red,DAP
Rice,71,33,44,19.8,54.0,76.7,Red,Urea
Wheat,42,18,17,16.9,76.0,83.8,Sandy,DAP
Sugarcane,54,75,18,19.2,53.8,53.2,Red,Compost
Cotton,115,40,45,30.1,47.1,30.7,Red,MOP
Wheat,102,34,24,28.7,68.1,59.2,Clay,DAP
Wheat,45,36,63,20.0,38.0,77.9,Red,DAP
Maize,134,48,75,27.7,59.4,56.1,Loamy,Organic
Maize,88,67,26,28.9,67.9,25.1,Black,NPK
Wheat,70,26,75,24.7,58.9,58.9,Loamy,Organic
Tomato,119,35,51,35.4,37.4,85.8,Black,Organic
Wheat,117,79,41,20.0,68.6,24.7,Sandy,DAP
Millet,94,17,17,17.8,39.8,42.2,Black,SSP
Wheat,102,76,41,33.2,44.8,87.3,Loamy,DAP
Tomato,93,10,41,23.7,65.7,46.3,Sandy,DAP
Maize,37,77,42,38.2,55.1,22.8,Black,NPK
Tomato,29,54,60,15.1,73.6,34.6,Sandy,Organic
Maize,111,13,32,31.4,45.0,83.1,Red,MOP
Millet,63,19,50,39.0,39.6,73.0,Sandy,SSP
Tomato,62,62,25,36.8,31.0,41.3,Clay,Organic
Cotton,112,15,29,37.8,51.0,58.6,Red,MOP
Maize,140,24,44,23.5,40.4,40.6,Black,NPK
Cotton,114,51,54,23.5,32.2,62.3,Red,MOP
Cotton,140,27,53,38.0,63.0,20.4,Sandy,MOP
Tomato,61,58,34,32.2,88.4,20.8,Red,Organic
Sugarcane,95,65,74,35.9,75.9,88.7,Red,Compost
Sugarcane,140,14,66,22.3,77.9,34.7,Sandy,Compost
Wheat,53,34,59,17.8,58.2,73.8,Sandy,DAP
Tomato,73,42,17,16.2,37.5,75.9,Clay,Organic
Millet,46,20,37,30.3,86.3,25.4,Clay,SSP
Maize,48,40,41,34.5,54.6,59.0,Sandy,DAP
Maize,78,14,70,15.3,59.7,34.4,Clay,NPK
Sugarcane,92,64,58,17.2,43.7,48.2,Black,Compost
Cotton,86,19,15,27.5,34.9,46.8,Sandy,MOP
Rice,51,58,67,29.7,79.4,26.2,Red,Urea
Rice,86,31,79,36.3,71.0,20.0,Clay,Urea
Cotton,127,23,29,27.1,31.7,67.9,Loamy,MOP
Maize,101,79,49,16.7,37.2,68.9,Red,NPK
Maize,96,43,61,26.8,90.0,20.2,Sandy,Organic
Maize,25,34,75,26.2,81.3,71.7,Clay,NPK
Rice,39,80,71,16.9,44.7,48.7,Red,Urea
Millet,69,14,64,39.7,30.1,77.9,Clay,SSP
Wheat,67,27,26,18.2,50.4,70.9,Sandy,DAP
Tomato,83,40,46,15.4,46.8,69.4,Red,Organic
Millet,128,50,50,17.3,75.2,58.2,Clay,SSP
Wheat,123,49,64,34.2,41.5,44.7,Red,DAP
Wheat,21,39,37,21.4,67.5,52.4,Clay,DAP
Wheat,40,53,42,19.4,47.3,89.8,Red,DAP
Wheat,22,49,28,24.8,71.0,57.7,Loamy,DAP
Wheat,134,36,12,31.3,72.7,39.6,Red,DAP
Millet,33,42,68,19.2,35.5,56.5,Red,MOP
Sugarcane,66,79,28,25.2,88.9,22.1,Black,Compost
Sugarcane,115,73,16,16.0,59.1,37.3,Red,MOP
Sugarcane,134,15,63,27.7,73.9,82.6,Loamy,Compost
Wheat,87,53,63,33.5,60.2,81.4,Clay,Organic
Maize,103,60,63,27.8,74.2,22.2,Loamy,NPK
Cotton,113,13,54,20.7,82.5,59.7,Clay,MOP
Tomato,134,13,63,16.8,78.8,55.9,Clay,Organic
Wheat,126,64,58,30.3,86.6,44.2,Clay,DAP
Millet,97,56,52,23.7,40.3,30.7,Loamy,SSP
Sugarcane,41,14,50,15.2,65.0,89.6,Clay,Compost
Sugarcane,32,32,73,32.9,68.4,31.1,Sandy,MOP
Rice,31,44,62,30.5,78.4,52.2,Black,Urea
Maize,23,33,68,38.9,62.1,78.8,Black,NPK
Tomato,43,12,74,17.5,76.2,22.0,Clay,Organic
Cotton,64,37,44,17.2,78.3,28.1,Sandy,MOP
Sugarcane,88,77,13,16.5,43.6,76.4,Sandy,Compost
Rice,89,13,12,38.2,30.7,48.0,Loamy,Urea
Sugarcane,35,23,26,38.4,80.3,76.9,Clay,Compost
Rice,72,78,48,25.7,35.9,47.8,Clay,Urea
Sugarcane,58,21,44,22.2,39.0,50.2,Loamy,Compost
Rice,98,47,67,15.6,57.9,51.9,Sandy,Urea
Tomato,43,44,68,35.3,71.7,66.2,Black,Organic
Millet,54,53,42,17.4,57.1,34.4,Black,SSP
Cotton,44,77,31,24.4,70.0,51.0,Clay,MOP
Maize,20,42,22,34.3,48.0,80.5,Loamy,NPK
Cotton,115,57,66,25.9,57.3,21.7,Clay,MOP
Wheat,98,50,80,33.3,78.9,63.3,Loamy,DAP
Maize,135,22,28,36.5,78.7,76.2,Black,NPK
Wheat,44,67,48,35.5,68.1,34.8,Loamy,Organic
Wheat,77,70,40,38.7,76.8,49.7,Sandy,DAP
Cotton,98,49,11,37.5,85.3,66.7,Loamy,MOP
Sugarcane,70,41,75,27.6,36.0,61.1,Loamy,DAP
Rice,105,20,55,39.3,85.1,76.9,Loamy,Urea
Millet,107,17,78,23.5,68.4,50.2,Black,SSP
Tomato,120,30,20,22.4,39.5,49.4,Loamy,Organic
Sugarcane,108,37,64,17.2,38.2,89.6,Loamy,Compost
Tomato,56,14,71,39.0,64.1,33.3,Black,Organic
Rice,98,24,70,34.2,61.5,65.7,Clay,Urea
Wheat,118,18,53,16.9,33.6,81.8,Loamy,DAP
Rice,90,63,51,28.1,60.4,46.2,Red,Urea
Sugarcane,69,35,39,31.3,75.3,67.4,Loamy,Compost
Millet,22,20,60,35.6,45.5,79.4,Sandy,DAP
Sugarcane,139,38,60,35.4,41.7,75.3,Loamy,Compost
Rice,26,20,29,26.0,68.1,27.6,Loamy,Urea
Cotton,39,39,52,35.5,40.2,67.8,Loamy,MOP
Sugarcane,66,20,65,21.7,37.7,49.5,Loamy,Compost
Cotton,28,53,54,39.1,60.4,54.2,Clay,MOP
Millet,77,19,80,17.2,55.6,82.8,Sandy,SSP
Maize,96,68,33,37.7,78.6,20.4,Clay,NPK
Cotton,52,69,65,20.0,64.0,57.1,Loamy,MOP
Maize,68,67,44,26.8,79.1,33.7,Sandy,NPK
Millet,101,56,29,18.2,37.4,48.5,Red,SSP
Maize,88,20,62,36.7,43.1,22.5,Red,NPK
Wheat,46,16,29,32.9,47.9,57.3,Red,DAP
Millet,113,28,74,35.2,32.5,30.1,Black,SSP
Sugarcane,95,27,79,21.9,32.9,39.9,Sandy,Compost
Sugarcane,130,49,56,19.1,78.0,23.1,Black,Compost
Sugarcane,95,22,46,24.7,83.7,78.3,Loamy,Compost
Cotton,108,50,61,26.5,38.6,51.3,Sandy,MOP
Sugarcane,49,16,18,18.2,74.3,66.4,Loamy,Compost
Rice,30,62,32,27.3,50.5,41.3,Sandy,Urea
Maize,71,18,46,16.7,53.1,28.9,Sandy,NPK
Maize,104,57,45,15.2,89.9,82.8,Black,NPK
Maize,126,68,35,36.9,69.0,76.2,Loamy,SSP
Maize,42,71,58,19.0,60.4,56.9,Clay,NPK
Maize,65,21,66,29.7,48.9,78.6,Loamy,NPK
Millet,42,21,50,33.2,78.6,78.6,Sandy,SSP
Tomato,90,69,56,29.8,71.7,62.9,Clay,Organic
Cotton,86,49,27,18.1,68.1,36.4,Loamy,MOP
Tomato,73,73,14,32.5,42.0,85.4,Red,SSP
Cotton,43,25,63,32.4,83.6,53.1,Clay,MOP
Millet,37,57,68,35.7,69.8,35.4,Clay,SSP
Wheat,27,32,21,38.5,53.6,88.5,Red,SSP
Rice,138,11,43,22.0,32.7,20.9,Loamy,Urea
Sugarcane,65,77,70,32.3,60.6,42.7,Clay,Compost
Cotton,112,78,57,28.2,76.2,32.1,Loamy,MOP
Cotton,111,78,13,32.5,67.3,59.3,Sandy,MOP
Sugarcane,26,79,25,15.9,31.2,68.6,Sandy,Compost
Maize,69,58,64,31.8,42.0,62.2,Loamy,NPK
Rice,135,11,43,26.7,57.5,61.0,Sandy,Urea
Wheat,64,41,68,35.7,87.5,50.8,Loamy,DAP
Tomato,57,22,64,30.6,32.6,79.4,Loamy,NPK
Wheat,79,64,41,36.4,37.4,25.6,Black,DAP
Tomato,123,57,12,21.2,55.7,41.2,Loamy,Organic
Sugarcane,133,24,28,29.1,74.0,39.5,Black,DAP
Millet,56,58,24,23.2,65.3,76.8,Red,SSP
Wheat,48,46,20,36.0,38.4,20.8,Black,DAP
Millet,62,55,73,21.3,71.9,24.7,Red,SSP
Millet,79,19,53,22.6,87.2,21.7,Black,SSP
Wheat,53,77,76,28.7,50.9,39.4,Clay,DAP
Cotton,34,59,10,25.7,77.7,61.9,Sandy,Urea
Cotton,139,28,65,26.2,51.0,34.0,Clay,MOP
Cotton,94,28,10,26.7,35.5,84.1,Sandy,MOP
Maize,124,34,58,35.4,72.5,59.4,Loamy,NPK
Maize,121,64,28,35.2,50.3,70.0,Black,Organic
Millet,23,30,67,16.8,62.5,66.4,Red,SSP
Rice,135,23,30,33.1,31.1,29.4,Sandy,Urea
Cotton,75,50,36,37.2,55.4,81.1,Clay,MOP
Tomato,80,10,56,16.1,33.9,75.5,Red,SSP
Wheat,72,21,59,31.8,55.7,73.9,Loamy,DAP
Cotton,105,52,37,36.9,86.3,46.8,Clay,MOP
Wheat,53,75,46,17.2,68.1,85.4,Loamy,DAP
Rice,80,54,30,32.3,56.6,60.8,Loamy,Urea
Tomato,46,35,23,22.5,33.0,24.4,Clay,Organic
Rice,134,14,18,23.9,54.7,24.6,Red,Urea
Rice,30,12,62,32.6,51.3,70.7,Red,Urea
Maize,101,23,24,38.3,61.3,79.5,Clay,MOP
Tomato,40,59,25,38.8,63.0,70.0,Sandy,NPK
Millet,119,17,30,29.4,59.2,88.7,Sandy,SSP
Sugarcane,56,26,33,29.3,75.6,48.4,Clay,Compost
Sugarcane,75,22,51,31.3,54.4,63.2,Clay,Compost
Cotton,132,42,41,24.4,60.0,72.7,Loamy,MOP
Cotton,103,78,52,36.6,89.6,76.1,Red,Organic
Maize,133,76,59,35.4,79.1,75.9,Black,NPK
Maize,43,43,54,39.3,83.0,35.5,Sandy,NPK
Wheat,116,50,43,15.5,40.3,43.3,Loamy,DAP
Millet,108,30,44,29.3,67.0,86.0,Red,Organic
Tomato,37,65,74,26.2,82.7,54.4,Clay,Organic
Tomato,22,55,60,23.9,54.0,62.1,Red,Organic
Wheat,101,35,37,39.6,50.4,71.9,Sandy,DAP
Sugarcane,132,21,48,20.8,53.0,62.7,Sandy,Compost
Maize,20,70,54,22.1,59.6,36.5,Black,NPK
Wheat,39,65,64,31.2,56.9,27.5,Sandy,DAP
Rice,88,57,74,19.5,60.3,69.5,Sandy,Urea
Millet,29,17,13,24.0,56.0,25.2,Red,SSP
Maize,74,71,67,20.0,73.4,77.7,Black,DAP
Millet,56,34,47,25.1,68.3,72.5,Sandy,SSP
Sugarcane,65,59,79,26.0,39.8,55.0,Black,Compost
Sugarcane,102,75,51,18.3,42.2,33.2,Red,Compost
Sugarcane,67,23,43,16.7,59.5,26.3,Red,Compost
Wheat,36,26,50,15.1,85.7,64.4,Sandy,Compost
Millet,136,73,67,34.9,68.2,72.7,Sandy,SSP
Wheat,110,40,77,25.3,85.6,38.9,Clay,DAP
Cotton,36,52,69,28.3,54.8,89.7,Loamy,SSP
Millet,131,33,31,38.1,45.6,82.3,Sandy,SSP
Tomato,83,33,58,34.2,64.1,58.5,Black,Organic
Wheat,115,67,33,38.5,45.3,51.8,Sandy,DAP
Cotton,25,61,53,23.2,86.8,24.3,Clay,MOP
Maize,97,35,26,39.5,69.6,66.3,Red,NPK
Cotton,131,15,42,19.5,34.9,71.7,Red,MOP
Wheat,26,66,65,35.3,64.4,67.8,Sandy,DAP
Rice,63,71,76,23.5,79.3,38.4,Loamy,Urea
Sugarcane,94,72,74,30.4,32.3,26.7,Clay,Compost
Tomato,48,50,15,24.9,61.3,87.4,Sandy,Compost
Cotton,50,80,69,19.9,64.5,47.4,Sandy,MOP
Wheat,85,17,43,31.0,80.1,56.0,Clay,NPK
Maize,56,52,11,38.4,45.5,81.2,Sandy,NPK
Sugarcane,72,78,11,24.6,51.1,61.4,Black,SSP
Maize,41,54,75,16.6,63.1,29.3,Loamy,NPK
Cotton,102,77,20,39.7,47.8,75.2,Black,SSP
Sugarcane,106,64,29,17.8,50.6,37.1,Black,Urea
Tomato,78,15,35,22.0,79.4,72.3,Black,Organic
Sugarcane,48,32,77,32.3,31.0,34.9,Clay,Compost
Wheat,61,77,60,19.8,56.7,35.2,Clay,DAP
Millet,60,14,53,27.0,80.2,86.9,Black,SSP
Maize,61,42,39,39.4,76.7,31.7,Red,NPK
Sugarcane,39,53,70,23.8,63.7,30.2,Red,Compost
Wheat,122,67,22,27.3,52.2,88.4,Sandy,DAP
Millet,27,68,38,29.7,82.7,79.7,Black,SSP
Cotton,84,29,67,35.0,87.1,21.4,Loamy,Organic
Cotton,68,71,30,31.3,87.5,41.3,Clay,MOP
Millet,99,20,48,21.1,66.7,59.6,Clay,SSP
Cotton,136,21,16,37.9,80.5,64.5,Red,MOP
Maize,108,56,14,21.9,37.6,28.6,Red,NPK
Millet,128,72,37,22.5,65.6,61.2,Loamy,SSP
Cotton,45,35,62,18.3,41.3,70.2,Loamy,MOP
Wheat,30,79,70,37.1,48.7,41.2,Red,DAP
Cotton,140,80,35,22.5,51.7,32.5,Loamy,MOP
Sugarcane,62,15,36,33.2,80.9,38.3,Black,Compost
Cotton,84,77,30,38.9,47.3,72.6,Red,MOP
Tomato,121,26,38,39.6,41.4,48.4,Clay,DAP
Sugarcane,75,54,61,30.3,45.1,88.2,Clay,Compost
Tomato,42,26,15,31.4,58.8,45.6,Black,Organic
Cotton,50,42,65,35.8,75.9,81.4,Black,MOP
Wheat,21,20,14,34.1,81.1,45.7,Black,DAP
Wheat,52,48,54,24.2,83.1,58.2,Clay,Compost
Cotton,43,34,68,22.8,33.2,85.4,Sandy,MOP
Maize,80,14,22,22.7,64.4,54.7,Loamy,NPK
Maize,40,44,39,22.4,43.1,70.5,Clay,NPK
Sugarcane,31,60,46,17.0,66.0,52.3,Loamy,Compost
Sugarcane,21,71,29,38.5,59.5,25.3,Red,Compost
Rice,100,80,38,27.6,85.7,85.8,Clay,Urea
Sugarcane,136,39,37,30.1,76.9,27.1,Clay,Compost
Cotton,88,50,22,24.1,37.6,76.7,Red,MOP
Sugarcane,66,51,80,23.9,89.6,59.1,Sandy,Compost
Rice,132,32,79,20.2,52.8,32.9,Black,Urea
Sugarcane,47,72,52,22.1,44.3,81.9,Black,Compost
Millet,76,45,27,15.2,66.8,77.1,Black,SSP
Maize,139,24,80,26.0,45.6,68.5,Black,NPK
Rice,94,59,48,27.0,64.0,22.9,Red,DAP
Millet,24,19,72,18.8,37.3,33.4,Clay,SSP
Millet,112,51,38,27.8,85.5,52.5,Red,SSP
Cotton,45,11,67,30.7,49.2,85.2,Red,MOP
Wheat,132,79,74,37.7,40.1,45.4,Red,DAP
Millet,66,56,50,32.4,72.0,55.6,Sandy,SSP
Cotton,88,77,27,35.4,44.3,36.0,Loamy,MOP
Tomato,108,22,39,15.2,69.2,44.9,Red,Organic
Rice,112,31,59,30.3,33.1,81.4,Clay,Urea
Millet,33,70,44,16.3,79.1,35.7,Sandy,SSP
Rice,66,52,50,32.6,33.5,48.2,Red,Urea
Wheat,43,31,11,25.1,43.5,37.1,Black,DAP
Sugarcane,128,23,46,38.7,74.0,25.7,Clay,Compost
Tomato,95,32,12,37.8,81.5,82.6,Sandy,NPK
Cotton,55,71,20,21.3,74.7,58.6,Red,MOP
Maize,85,12,15,17.2,66.8,77.7,Loamy,NPK
Millet,33,31,56,37.7,44.9,50.1,Loamy,SSP
Cotton,114,18,22,31.0,73.0,27.6,Loamy,MOP
Wheat,43,28,73,23.0,58.7,27.1,Loamy,DAP
Millet,34,40,54,20.6,64.6,37.1,Loamy,SSP
Tomato,110,34,57,15.1,58.7,30.5,Sandy,Organic
Tomato,121,10,23,25.0,48.7,74.6,Black,Organic
Cotton,37,14,73,17.9,63.6,37.2,Sandy,MOP
Wheat,91,71,55,30.9,63.7,56.1,Loamy,DAP
Cotton,77,16,20,21.9,76.2,20.5,Clay,MOP
Maize,140,45,69,31.8,31.5,83.1,Red,NPK
Tomato,139,23,58,33.8,36.5,46.8,Sandy,Organic
Wheat,58,60,40,16.5,51.7,81.6,Black,DAP
Cotton,124,71,61,31.5,72.3,80.3,Black,MOP
Wheat,129,37,38,31.3,67.5,30.0,Clay,DAP
Sugarcane,28,80,46,15.5,66.8,83.4,Clay,Compost
Wheat,140,74,58,19.0,48.0,66.5,Clay,DAP
Millet,76,62,52,33.6,50.6,55.3,Clay,MOP
Sugarcane,58,67,71,34.6,50.3,25.2,Clay,Compost
Wheat,130,42,31,31.8,72.5,32.4,Sandy,DAP
Maize,27,19,52,17.7,40.4,78.5,Loamy,NPK
Tomato,102,43,78,26.6,72.6,60.7,Loamy,Urea
Maize,25,43,55,35.9,49.1,85.5,Black,NPK
Maize,87,12,55,20.7,59.2,69.8,Loamy,DAP
Rice,38,27,71,22.0,65.2,78.9,Black,Urea
Rice,46,40,58,26.3,66.8,40.2,Sandy,Urea
Rice,126,47,64,21.8,44.2,53.5,Red,Urea
Sugarcane,56,38,68,34.8,85.6,88.9,Sandy,Compost
Tomato,93,47,75,39.3,54.0,41.5,Clay,Organic
Cotton,90,36,26,24.8,43.3,83.9,Black,SSP
Rice,76,79,30,25.1,30.6,67.8,Black,Urea
Rice,39,29,60,15.5,43.0,69.9,Black,Urea
Maize,35,65,52,24.5,72.1,30.0,Sandy,Compost
Maize,115,77,44,18.8,53.8,79.8,Black,NPK
Sugarcane,56,72,63,39.4,30.1,21.9,Loamy,Compost
Millet,78,73,60,31.5,79.9,81.1,Black,SSP
Millet,119,43,37,22.9,54.9,50.1,Black,SSP
Rice,69,55,67,23.3,59.3,20.9,Sandy,DAP
Maize,52,39,15,27.7,69.4,35.8,Sandy,NPK
Maize,31,52,23,26.7,85.5,29.7,Red,NPK
Rice,49,11,38,15.6,79.4,33.6,Sandy,Urea
Tomato,35,75,15,16.9,54.4,23.2,Clay,Organic
Tomato,83,73,74,18.4,46.9,70.1,Sandy,Organic
Millet,127,76,30,20.2,30.0,76.6,Loamy,SSP
Sugarcane,20,37,41,21.3,83.5,54.1,Red,Compost
Tomato,83,30,38,21.8,84.3,58.1,Sandy,Organic
Wheat,132,21,23,20.6,46.4,29.2,Clay,DAP
Sugarcane,84,73,19,18.4,73.3,63.7,Sandy,Compost
Maize,137,33,42,16.4,78.8,82.7,Clay,NPK
Tomato,64,10,52,30.3,40.5,24.1,Clay,Organic
Maize,58,45,20,27.4,30.6,40.6,Loamy,SSP
Sugarcane,94,69,47,16.0,85.7,49.5,Black,Compost
Rice,112,47,69,18.0,66.7,74.8,Loamy,Urea
Sugarcane,70,41,29,18.8,76.9,71.1,Sandy,Compost
Rice,110,74,23,32.1,31.4,60.7,Sandy,Urea
Rice,77,69,53,18.7,56.9,20.4,Red,MOP
Wheat,95,46,30,16.1,57.5,65.9,Clay,DAP
Cotton,89,18,33,36.7,80.0,27.2,Sandy,MOP
Sugarcane,23,68,17,29.4,49.2,52.9,Sandy,Compost
Maize,63,44,44,16.0,71.1,34.6,Black,NPK
Maize,109,16,16,37.5,36.5,72.2,Loamy,DAP
Rice,72,74,12,19.0,66.0,80.2,Clay,Urea
Rice,90,40,61,23.0,49.8,69.4,Loamy,Urea
Millet,75,54,64,34.9,45.6,60.3,Sandy,SSP
Cotton,103,80,39,18.9,48.3,54.5,Black,MOP
Tomato,110,32,52,37.9,33.7,70.5,Clay,Organic
Cotton,105,60,76,16.8,77.2,35.3,Black,MOP
Rice,74,67,33,36.5,47.0,79.7,Loamy,Urea
Cotton,110,73,13,24.3,77.7,79.1,Loamy,MOP
Rice,47,41,58,28.5,49.1,80.8,Clay,Urea
Sugarcane,43,43,59,35.0,31.8,64.5,Clay,Compost
Rice,89,13,20,39.3,43.0,59.9,Red,Urea
Rice,110,65,36,32.3,81.1,29.1,Black,Urea
Rice,111,52,46,17.5,80.6,22.0,Clay,Urea
Sugarcane,84,18,56,24.8,34.4,56.4,Clay,Compost
Tomato,134,22,68,29.5,68.1,36.4,Sandy,Organic
Cotton,38,41,22,37.7,31.0,57.0,Red,MOP
Millet,30,69,37,18.5,40.7,26.4,Black,SSP
Rice,43,51,80,34.4,57.0,30.6,Red,Organic
Wheat,92,33,60,21.6,80.2,37.9,Loamy,DAP
Sugarcane,95,33,20,19.5,87.8,69.3,Sandy,Compost
Cotton,34,11,27,25.8,38.1,73.2,Black,Urea
Cotton,120,72,20,21.3,87.4,53.5,Sandy,MOP
Rice,93,58,28,20.4,79.7,43.0,Sandy,Urea
Cotton,63,43,55,27.3,37.6,52.4,Sandy,MOP
Wheat,55,11,58,34.7,68.1,71.6,Black,DAP
Wheat,121,10,57,28.4,75.3,33.9,Clay,DAP
Tomato,111,10,53,28.7,45.8,38.5,Black,Organic
Wheat,86,53,79,29.8,72.5,74.2,Sandy,DAP
Tomato,59,56,13,18.0,71.8,37.5,Sandy,Organic
Cotton,66,51,51,26.1,35.8,25.3,Sandy,MOP
Rice,29,49,28,15.2,65.2,52.0,Sandy,Urea
Wheat,32,74,21,34.8,57.3,55.4,Clay,DAP
Wheat,81,14,12,15.1,67.1,25.8,Sandy,DAP
Maize,116,59,44,19.4,74.4,69.1,Black,NPK
Tomato,57,26,73,35.5,68.1,34.7,Loamy,SSP
Sugarcane,70,65,56,20.9,87.9,62.0,Black,Compost
Millet,139,78,34,17.0,83.3,28.5,Red,SSP
Wheat,133,39,25,24.8,50.2,81.9,Black,DAP
Wheat,24,53,67,16.1,36.3,66.4,Sandy,DAP
Cotton,73,61,19,29.3,48.0,50.4,Red,MOP
Sugarcane,67,68,70,32.8,82.8,81.7,Clay,Compost
Sugarcane,97,71,17,32.9,35.2,32.2,Loamy,Compost
Rice,60,30,15,17.7,78.2,54.6,Clay,Urea
Tomato,65,78,75,27.0,54.4,73.6,Black,Organic
Maize,109,41,79,38.5,64.6,24.7,Black,NPK
Cotton,93,23,18,23.8,47.0,73.7,Clay,SSP
Sugarcane,70,63,56,35.6,57.6,40.7,Clay,Compost
Cotton,20,19,12,34.0,71.8,41.9,Clay,MOP
Tomato,64,13,80,32.0,37.5,63.7,Clay,Organic
Maize,75,34,76,21.3,71.4,54.4,Loamy,NPK
Tomato,31,77,10,26.1,44.8,21.0,Black,Organic
Maize,67,75,54,38.6,39.7,55.9,Black,NPK
Sugarcane,45,71,71,15.2,43.8,89.4,Red,Compost
Tomato,31,56,29,24.3,88.5,28.1,Black,Organic
Wheat,95,76,35,24.7,72.7,48.2,Black,DAP
Millet,43,75,59,36.8,55.4,72.3,Loamy,SSP
Cotton,74,68,39,25.5,89.6,43.7,Red,MOP
Millet,20,56,32,24.9,62.4,27.3,Loamy,SSP
Cotton,80,68,37,35.5,56.3,55.8,Loamy,MOP
Millet,27,64,32,29.6,67.4,73.5,Red,SSP
Maize,97,71,12,25.5,55.1,29.3,Sandy,NPK
Wheat,115,28,41,34.2,83.7,68.9,Red,DAP
Wheat,36,80,70,19.2,80.9,44.7,Black,DAP
Maize,23,68,70,22.2,54.5,46.9,Black,NPK
Maize,20,45,19,34.8,69.4,85.1,Loamy,NPK
Rice,119,72,28,18.2,62.8,55.5,Clay,Urea
Millet,28,71,12,27.5,42.2,27.1,Red,SSP
Rice,21,59,70,38.9,38.7,73.6,Clay,Urea
Rice,61,66,38,39.7,87.3,22.5,Sandy,Urea
Cotton,49,43,17,25.7,48.2,67.9,Loamy,MOP
Sugarcane,24,29,19,32.9,47.5,32.0,Red,Compost
Maize,126,39,72,19.7,33.8,24.1,Black,NPK
Rice,21,33,77,17.1,30.6,23.9,Red,Urea
Cotton,42,42,41,36.4,69.1,84.7,Black,MOP
Millet,27,32,20,23.9,61.8,86.7,Loamy,SSP
Wheat,130,49,64,16.0,89.5,59.7,Clay,DAP
Maize,22,30,30,26.8,75.3,87.0,Black,NPK
Maize,46,46,53,28.8,83.2,51.6,Loamy,NPK
Maize,40,22,19,30.6,37.8,81.0,Loamy,NPK
Millet,84,38,55,16.0,67.5,36.7,Black,SSP
Rice,115,66,25,35.7,86.8,82.7,Black,MOP
Sugarcane,108,51,47,25.3,62.5,60.0,Black,Compost
Sugarcane,78,41,64,22.9,43.2,59.8,Clay,Compost
Maize,74,56,21,32.2,64.7,51.7,Red,NPK
Sugarcane,70,73,79,34.5,32.1,53.7,Sandy,Compost
Wheat,133,15,28,25.9,55.5,88.4,Loamy,DAP
Tomato,123,30,73,27.2,68.6,76.4,Sandy,Organic
Wheat,127,24,72,17.2,77.0,20.1,Loamy,DAP
Wheat,27,75,71,27.9,81.0,39.8,Clay,DAP
Maize,42,11,40,20.8,61.8,41.4,Black,NPK
Wheat,39,13,22,19.2,69.9,84.1,Sandy,DAP
Tomato,140,74,46,20.0,53.5,28.1,Red,MOP
Millet,23,75,75,35.1,48.0,70.1,Clay,Compost
Sugarcane,46,47,69,39.6,31.7,58.1,Sandy,DAP
Millet,134,13,49,24.6,49.3,82.7,Sandy,SSP
Cotton,55,19,70,39.5,36.9,22.0,Clay,MOP
Millet,105,62,14,21.1,34.1,83.2,Clay,Organic
Wheat,85,27,67,35.3,59.0,31.1,Black,DAP
Sugarcane,126,15,32,20.5,63.3,59.8,Sandy,MOP
Millet,27,56,66,31.9,51.6,21.7,Loamy,SSP
Maize,85,50,13,24.4,69.2,73.3,Clay,NPK
Rice,66,45,26,23.0,57.8,64.7,Red,Urea
Maize,118,10,56,32.2,81.0,22.7,Clay,NPK
Tomato,139,43,59,34.2,32.5,78.1,Loamy,Organic
Wheat,55,54,47,15.3,33.8,23.2,Red,DAP
Wheat,63,21,59,38.6,79.0,61.4,Red,DAP
Maize,65,11,65,24.6,78.7,77.6,Loamy,NPK
Maize,52,56,33,32.2,77.9,60.1,Clay,NPK
Cotton,49,27,61,34.6,73.1,20.1,Red,Urea
Wheat,80,36,51,36.7,65.2,72.0,Red,DAP
Tomato,84,48,59,35.3,82.9,87.2,Clay,MOP
Tomato,62,25,72,17.3,84.8,65.1,Loamy,Organic
Wheat,78,64,13,24.7,55.5,68.3,Clay,Urea
Rice,37,61,34,25.3,75.8,46.9,Clay,Urea
Cotton,112,19,53,36.7,70.7,57.8,Red,MOP
Maize,23,57,69,21.5,89.2,21.8,Loamy,NPK
Millet,44,42,50,17.9,53.0,72.8,Clay,SSP
Maize,127,75,71,36.5,82.1,73.4,Red,SSP
Cotton,27,39,17,25.0,75.6,44.7,Loamy,MOP
Tomato,107,63,12,26.0,85.0,58.0,Sandy,Organic
Maize,100,50,19,29.3,89.2,66.7,Loamy,Compost
Cotton,49,14,56,24.9,38.6,41.7,Loamy,MOP
Millet,57,77,59,33.0,47.8,68.8,Red,SSP
Tomato,102,42,21,37.9,40.6,42.4,Clay,Organic
Maize,91,22,48,33.9,78.0,64.9,Loamy,NPK
Tomato,32,23,66,37.5,71.8,30.9,Sandy,Organic
Tomato,21,42,47,26.2,71.9,26.6,Red,Organic
Wheat,140,64,48,23.4,62.9,47.3,Clay,DAP
Tomato,58,67,61,19.4,75.2,55.7,Loamy,Organic
Millet,133,62,29,19.6,63.6,41.1,Black,SSP
Sugarcane,61,64,34,31.8,31.8,41.0,Clay,Compost
Rice,75,19,36,38.3,80.7,39.5,Clay,Urea
Cotton,129,78,12,16.6,41.1,85.0,Sandy,Organic
Rice,105,49,43,32.8,54.6,75.3,Black,Urea
Cotton,47,62,80,15.8,54.9,85.7,Black,MOP
Millet,56,23,13,19.8,65.9,57.4,Loamy,Urea
Sugarcane,30,23,21,34.6,81.7,43.1,Loamy,Urea
Maize,28,44,53,23.8,44.8,83.7,Loamy,NPK
Millet,128,16,79,20.2,72.6,38.4,Loamy,SSP
Wheat,57,68,25,25.1,53.1,41.6,Black,DAP
Millet,22,59,64,35.5,39.9,89.9,Red,SSP
Cotton,34,31,14,17.0,63.5,20.6,Clay,MOP
Rice,34,34,47,19.7,36.4,23.9,Red,Urea
Rice,36,58,13,27.5,84.8,29.9,Red,Urea
Tomato,22,17,36,17.2,36.0,32.7,Red,Organic
Wheat,47,27,60,39.0,46.5,47.0,Loamy,MOP
Tomato,122,24,40,35.0,55.4,42.9,Clay,Urea
Millet,109,78,28,30.8,88.8,55.2,Loamy,SSP
Cotton,140,69,56,20.3,69.1,69.0,Red,MOP
Maize,32,63,44,28.0,42.2,35.3,Clay,NPK
Rice,69,32,46,36.4,53.4,71.8,Sandy,Urea
Rice,37,24,47,32.7,84.0,72.7,Loamy,NPK
Rice,114,23,77,36.5,41.3,77.2,Red,Urea
Rice,34,18,49,17.0,85.2,69.9,Sandy,Urea
Maize,107,10,23,24.4,64.1,59.4,Sandy,NPK
Rice,74,67,78,30.3,71.2,33.7,Loamy,Urea
Rice,87,37,71,33.2,87.0,50.9,Loamy,Urea
Millet,119,58,25,22.3,83.8,61.9,Sandy,SSP
Millet,30,45,64,31.8,65.6,31.0,Red,SSP
Cotton,109,44,46,27.9,82.6,51.6,Sandy,MOP
Wheat,111,36,73,29.7,57.0,51.1,Sandy,DAP
Wheat,132,66,24,37.1,43.8,72.9,Clay,DAP
Tomato,67,41,51,28.2,85.2,84.6,Sandy,Organic
Wheat,102,28,19,24.3,88.7,35.7,Sandy,NPK
Tomato,28,78,23,25.0,40.3,35.5,Sandy,Organic
Rice,96,57,43,34.8,79.4,61.2,Red,SSP
Millet,46,27,46,22.2,40.6,66.2,Clay,NPK
Millet,115,40,40,37.5,77.6,28.2,Black,SSP
Tomato,51,56,25,33.4,42.4,30.3,Clay,Organic
Sugarcane,130,63,48,31.3,68.6,20.8,Red,DAP
Rice,31,58,61,18.4,76.6,88.0,Red,Urea
Wheat,87,76,46,24.3,69.9,35.9,Sandy,DAP
Wheat,90,75,55,29.2,65.5,44.9,Clay,DAP
Cotton,124,25,60,31.1,63.7,42.3,Black,MOP
Wheat,26,68,80,18.8,53.7,88.7,Black,DAP
Tomato,64,50,67,21.1,86.8,64.9,Sandy,Organic
Millet,119,51,17,22.8,75.2,23.9,Clay,NPK
Cotton,27,52,23,16.5,39.6,84.7,Clay,MOP
Wheat,108,69,39,29.7,52.8,40.0,Black,DAP
Cotton,136,73,51,28.5,46.7,26.9,Red,MOP
Cotton,108,70,45,21.3,55.8,76.3,Red,MOP
Sugarcane,119,28,35,27.1,56.7,50.6,Sandy,Compost
Rice,24,33,42,36.9,53.4,32.2,Sandy,Urea
Rice,85,70,36,30.4,78.7,22.9,Black,Compost
Maize,79,18,47,28.4,58.8,58.4,Red,NPK
Wheat,89,13,50,20.2,40.6,35.0,Clay,DAP
Millet,127,40,13,16.5,43.5,46.2,Clay,SSP
Cotton,112,69,57,28.3,75.4,41.6,Clay,MOP
Maize,104,30,24,35.5,75.1,80.3,Clay,NPK
Maize,120,70,40,22.4,81.7,41.9,Sandy,NPK
Rice,73,43,40,27.8,72.8,37.8,Loamy,Urea
Cotton,103,46,43,28.8,68.3,45.3,Loamy,MOP
Tomato,133,74,13,28.6,41.5,34.6,Clay,Organic
Cotton,115,62,43,20.9,30.9,55.1,Sandy,MOP
Tomato,114,31,59,32.5,84.7,44.1,Red,Organic
Millet,123,25,18,36.5,83.2,21.5,Red,SSP
Sugarcane,135,69,22,29.2,46.5,47.4,Black,Compost
Cotton,51,36,13,16.9,83.5,67.2,Loamy,MOP
Millet,118,58,67,23.1,33.5,53.9,Black,NPK
Tomato,95,49,17,16.7,31.5,27.1,Clay,Organic
Wheat,74,54,80,26.7,44.3,40.1,Black,SSP
Cotton,29,67,72,22.6,32.1,65.5,Clay,MOP
Tomato,76,66,13,28.4,84.1,32.1,Red,Organic
Maize,71,75,46,35.4,37.1,22.0,Loamy,NPK
Sugarcane,20,80,24,17.8,85.0,78.6,Sandy,Compost
Tomato,124,54,10,21.9,66.6,78.1,Loamy,Organic
Cotton,40,48,69,23.6,68.5,59.7,Sandy,MOP
Maize,76,44,58,40.0,83.9,24.6,Sandy,NPK
Millet,78,38,33,33.7,32.8,61.5,Sandy,Organic
Sugarcane,67,24,48,25.5,35.2,60.8,Loamy,Compost
Sugarcane,75,61,13,23.0,37.9,42.8,Loamy,Compost
Maize,83,62,65,32.1,54.3,22.0,Loamy,NPK
Maize,114,73,59,25.9,85.0,41.9,Red,SSP
Rice,69,18,66,29.0,52.4,29.6,Black,Urea
Maize,77,60,17,27.0,68.6,74.9,Red,NPK
Millet,97,40,47,30.0,53.9,24.4,Loamy,SSP
Wheat,24,44,58,25.1,33.5,73.9,Loamy,Urea
Wheat,125,78,62,32.1,50.1,81.9,Clay,DAP
Maize,118,62,70,27.9,66.7,52.5,Sandy,NPK
Cotton,128,53,35,25.3,68.3,55.6,Red,MOP
Sugarcane,47,67,80,35.0,54.2,72.2,Loamy,Compost
Wheat,92,47,72,26.2,59.3,26.2,Clay,DAP
Tomato,54,46,50,29.5,61.8,29.9,Black,Organic
Sugarcane,87,24,76,17.1,43.9,73.4,Black,Compost
Wheat,130,37,69,37.6,57.0,46.3,Clay,MOP
Wheat,115,33,47,35.4,75.8,46.5,Clay,NPK
Rice,32,27,11,32.9,47.0,21.1,Clay,Urea
Sugarcane,24,55,60,23.7,57.0,77.8,Sandy,Compost
Maize,45,80,11,29.3,38.8,54.0,Sandy,NPK
Wheat,62,57,16,26.0,83.1,77.2,Loamy,DAP
Maize,50,61,53,21.0,68.5,51.4,Sandy,NPK
Maize,125,69,56,15.9,76.5,49.0,Clay,NPK
Maize,41,12,29,18.7,39.1,29.7,Black,NPK
Cotton,34,27,44,22.6,76.3,89.2,Red,MOP
Sugarcane,119,19,45,19.2,49.8,53.9,Sandy,Compost
Cotton,26,74,16,17.6,70.3,55.3,Black,MOP
Rice,139,27,37,37.4,59.2,83.9,Loamy,Urea
Cotton,114,71,47,19.3,44.0,64.4,Clay,MOP
Cotton,55,70,68,34.7,71.8,31.9,Black,MOP
Wheat,32,76,51,21.7,38.3,69.9,Loamy,DAP
Tomato,84,77,77,36.1,33.0,25.1,Sandy,Organic
Millet,80,59,12,34.5,79.9,81.8,Red,SSP
Wheat,114,50,53,38.1,69.8,20.8,Loamy,DAP
Maize,72,20,47,39.8,60.9,74.7,Red,NPK
Millet,80,31,12,20.7,64.0,31.1,Clay,SSP
Tomato,121,20,28,28.5,73.8,35.5,Clay,Organic
Rice,78,40,43,25.6,70.2,81.2,Black,Urea
Tomato,36,21,59,39.4,42.3,61.3,Clay,Organic
Rice,107,23,60,26.8,45.0,50.0,Sandy,Urea
Wheat,67,63,26,36.2,43.2,23.4,Loamy,DAP
Tomato,121,11,36,30.4,58.8,63.3,Clay,Organic
Cotton,130,15,46,23.5,52.4,30.1,Red,MOP
Rice,130,75,22,33.3,71.5,32.5,Clay,Organic
Maize,36,31,22,20.9,37.3,50.9,Clay,NPK
Maize,94,75,12,31.6,38.8,27.7,Clay,NPK
Tomato,100,14,55,32.2,56.5,20.7,Sandy,Organic
Tomato,98,75,74,17.1,68.2,54.9,Sandy,Organic
Wheat,73,50,14,29.0,49.1,73.6,Clay,Urea
Wheat,29,13,23,19.0,50.5,21.1,Clay,DAP
Cotton,85,47,63,28.7,77.5,59.7,Clay,MOP
Millet,22,64,63,17.1,52.2,70.0,Black,SSP
Maize,53,50,29,39.8,85.3,29.0,Loamy,NPK
Rice,103,78,38,27.5,47.3,64.8,Loamy,Urea
Tomato,138,54,58,38.5,84.5,44.0,Loamy,Organic
Wheat,23,28,57,39.7,65.9,23.9,Black,DAP
Maize,118,59,56,36.6,40.8,85.1,Black,NPK
Wheat,75,28,79,28.4,41.6,23.1,Sandy,Urea
Rice,86,52,11,15.6,60.3,26.1,Black,Urea
Rice,123,44,63,28.0,90.0,32.8,Loamy,Urea
Tomato,140,47,52,30.9,58.5,82.4,Loamy,Organic
Rice,122,16,48,34.0,61.9,82.0,Red,Urea
Tomato,104,54,32,34.5,49.9,73.2,Clay,Organic
Millet,58,20,16,31.8,45.7,39.1,Black,MOP
Cotton,21,74,60,37.5,72.5,35.0,Red,MOP
Millet,45,37,54,39.8,43.4,76.8,Red,SSP
Millet,110,61,29,15.9,71.3,41.7,Clay,SSP
Cotton,96,79,59,30.1,38.6,88.1,Clay,MOP
Rice,80,53,58,17.7,41.2,41.8,Clay,Urea
Rice,21,41,54,16.3,34.6,29.3,Sandy,Urea
Cotton,62,74,24,26.9,32.9,25.6,Sandy,MOP
Maize,47,46,36,37.0,35.3,89.7,Loamy,NPK
Cotton,135,11,52,32.7,68.7,28.1,Black,MOP
Rice,70,61,25,30.9,43.7,21.1,Clay,Urea
Millet,39,50,36,24.8,36.8,34.6,Red,SSP
Wheat,56,69,50,22.5,54.8,74.6,Black,DAP
Cotton,135,43,21,27.7,67.2,49.1,Clay,MOP
Maize,41,41,57,18.8,51.6,61.7,Black,NPK
Tomato,56,57,63,16.2,58.4,42.1,Red,Organic
Tomato,58,10,72,16.3,34.8,79.9,Loamy,Organic
Wheat,79,12,46,36.0,72.9,71.9,Clay,DAP
Tomato,54,65,67,22.7,43.6,67.2,Sandy,Organic
Millet,139,20,31,26.2,32.0,48.1,Red,SSP
Sugarcane,25,17,72,32.2,32.6,72.7,Loamy,Compost
Wheat,97,44,30,15.0,87.0,20.3,Loamy,DAP
Tomato,75,23,11,25.8,77.1,29.4,Sandy,Organic
Tomato,29,62,60,15.3,62.1,77.4,Black,Organic
Rice,69,34,63,37.1,60.5,89.6,Loamy,Urea
Sugarcane,47,41,34,20.8,73.0,41.2,Clay,Compost
Tomato,93,42,41,36.0,51.5,61.5,Clay,Organic
Rice,31,40,64,24.4,46.1,52.2,Clay,Urea
Sugarcane,31,73,30,32.7,56.2,60.4,Black,Compost
Millet,135,58,33,27.0,56.6,75.2,Red,SSP
Tomato,111,80,24,35.5,68.1,53.6,Clay,Organic
Maize,75,38,60,19.1,61.9,83.3,Black,NPK
Cotton,130,48,26,24.6,68.0,46.3,Loamy,NPK
Tomato,114,72,48,26.6,58.0,61.9,Loamy,Organic
Sugarcane,48,80,67,18.9,45.1,65.7,Sandy,Compost
Millet,32,34,44,22.0,48.5,38.3,Sandy,SSP
Cotton,84,72,34,27.2,38.4,27.5,Red,MOP
Rice,80,30,59,37.3,33.5,62.9,Red,Urea
Sugarcane,37,19,70,22.1,38.1,63.9,Red,Compost
Millet,125,62,55,19.1,59.5,38.8,Loamy,SSP
Maize,80,55,69,31.4,71.1,34.5,Black,NPK
Cotton,132,27,69,34.9,52.3,41.7,Red,MOP
Maize,123,72,61,35.8,38.2,35.2,Loamy,NPK
Rice,46,25,35,32.0,80.9,33.3,Sandy,Urea
Rice,55,17,20,25.1,45.7,69.9,Clay,Urea
Rice,80,40,51,22.0,88.3,60.4,Clay,Urea
Cotton,39,76,64,36.8,79.0,55.2,Clay,MOP
Sugarcane,68,43,44,19.1,41.8,62.4,Sandy,Organic
Tomato,71,63,47,33.0,42.2,55.3,Sandy,Organic
Millet,76,50,22,19.5,77.2,83.3,Loamy,SSP
Maize,125,32,44,35.2,42.9,24.0,Clay,NPK
Sugarcane,107,60,42,33.8,74.9,23.0,Clay,Compost
Wheat,113,33,30,38.1,76.5,39.7,Sandy,DAP
Wheat,93,47,53,31.9,30.9,62.5,Clay,DAP
Tomato,47,60,59,17.9,79.3,28.6,Black,Organic
Rice,130,19,48,31.4,88.4,62.0,Black,Urea
Rice,22,14,52,38.8,83.4,34.6,Black,Urea
Cotton,63,79,47,35.1,36.1,53.3,Black,MOP
Millet,79,20,48,38.3,54.9,34.7,Sandy,SSP
Sugarcane,103,40,18,18.4,44.3,51.7,Loamy,Organic
Cotton,33,67,22,23.0,45.2,88.4,Red,MOP
Tomato,74,57,52,24.1,52.7,29.3,Sandy,Organic
Rice,28,34,59,19.3,31.4,67.6,Loamy,Urea
Wheat,22,50,36,39.3,53.9,46.7,Loamy,DAP
Maize,132,26,13,37.5,52.3,26.8,Black,NPK
Cotton,112,20,12,24.4,79.3,72.3,Clay,MOP
Millet,74,27,76,34.2,54.9,73.5,Loamy,Urea
Millet,79,72,42,35.5,70.7,89.9,Loamy,MOP
Tomato,44,74,61,38.2,59.2,82.8,Loamy,Compost
Maize,137,68,54,38.8,50.5,52.7,Sandy,NPK
Sugarcane,124,42,24,31.3,55.8,47.7,Black,Compost
Cotton,85,54,19,38.4,82.8,51.7,Sandy,MOP
Sugarcane,54,10,18,35.7,86.6,37.2,Loamy,Organic
Maize,35,13,25,26.5,40.8,51.4,Sandy,NPK
Cotton,66,21,46,38.0,59.0,63.3,Black,MOP
Maize,20,33,47,29.5,79.3,37.8,Clay,NPK
Cotton,129,54,49,25.8,35.2,65.5,Black,MOP
Rice,91,67,62,31.3,70.3,31.6,Clay,Urea
Tomato,34,37,65,30.1,76.1,59.9,Sandy,Organic
Millet,76,17,30,31.9,80.8,74.8,Clay,SSP
Sugarcane,43,19,66,34.9,45.5,79.1,Black,Compost
Rice,30,68,19,16.0,55.0,80.9,Black,Urea
Cotton,70,41,76,34.9,64.1,57.5,Sandy,MOP
Rice,94,75,77,25.9,74.5,27.7,Red,Urea
Sugarcane,50,10,78,24.0,56.0,44.5,Red,Compost
Maize,78,34,62,17.2,59.0,22.5,Clay,NPK
Maize,61,62,62,35.7,54.3,27.7,Sandy,Organic
Sugarcane,47,52,77,29.1,82.6,60.1,Loamy,Compost
Millet,41,47,51,25.9,43.9,23.6,Red,SSP
Wheat,131,45,26,35.1,59.1,54.2,Sandy,DAP
Millet,119,76,62,22.2,75.9,57.9,Red,SSP
Millet,32,39,73,37.0,39.8,75.5,Red,SSP
Rice,69,30,34,18.9,51.0,35.4,Clay,SSP
Tomato,100,53,19,33.2,37.4,25.5,Black,Organic
Wheat,124,33,59,16.1,84.4,74.2,Clay,DAP
Millet,76,48,22,34.3,62.7,23.6,Loamy,Compost
Wheat,105,41,76,24.9,84.9,33.6,Red,DAP
Millet,128,53,36,19.7,66.5,43.9,Sandy,MOP
Maize,25,24,21,27.5,82.3,31.6,Sandy,NPK
Sugarcane,23,28,54,29.2,53.7,27.8,Clay,Compost
Rice,61,22,65,24.1,44.8,82.3,Loamy,Urea
Tomato,31,62,43,17.0,59.2,89.5,Black,Organic
Tomato,67,45,65,17.2,75.8,70.4,Clay,Organic
Cotton,23,74,51,33.7,44.3,65.8,Sandy,MOP
Sugarcane,138,71,19,27.2,48.0,64.1,Loamy,Compost
Sugarcane,39,37,15,31.9,65.9,45.1,Loamy,Compost
Wheat,99,46,13,23.3,47.4,27.3,Clay,DAP
Rice,107,71,69,15.9,70.8,77.8,Red,Urea
Tomato,115,38,19,39.5,66.4,65.8,Sandy,Organic
Tomato,96,49,49,25.8,87.2,69.8,Sandy,Urea
Rice,25,43,62,19.8,54.5,67.1,Clay,NPK
Wheat,90,12,31,33.9,58.3,36.5,Black,DAP
Tomato,36,63,77,39.4,75.9,58.3,Sandy,Organic
Millet,134,34,73,29.2,85.8,62.7,Black,SSP
Cotton,32,41,54,27.1,89.9,44.1,Red,MOP
Cotton,97,24,71,35.2,36.6,49.2,Loamy,NPK
Sugarcane,121,79,14,36.9,59.5,82.2,Loamy,Compost
Millet,52,49,30,32.1,35.7,25.2,Loamy,SSP
Tomato,134,37,33,16.2,69.7,46.1,Loamy,Organic
Cotton,75,52,19,37.3,82.0,85.9,Clay,MOP
Millet,75,12,54,24.1,39.6,57.0,Loamy,SSP
Maize,22,20,31,15.5,31.2,39.5,Black,NPK
Millet,64,31,63,35.9,55.9,58.7,Loamy,SSP
Millet,26,75,72,36.5,30.7,57.3,Clay,SSP
Rice,33,18,22,20.1,78.9,86.8,Clay,Urea
Rice,41,15,19,19.6,62.4,76.6,Black,Urea
Tomato,44,27,63,15.4,82.2,40.9,Loamy,Organic
Sugarcane,26,73,75,30.8,40.5,24.6,Loamy,Compost
Maize,93,72,33,17.3,82.4,22.1,Red,NPK
Wheat,93,76,41,35.6,72.6,73.3,Clay,DAP
Tomato,130,37,39,20.8,39.7,39.7,Sandy,Organic
Cotton,32,22,19,39.0,62.2,65.7,Loamy,MOP
Tomato,132,19,58,24.6,30.1,32.4,Red,Organic
Wheat,91,74,24,37.4,68.0,33.3,Loamy,DAP
Maize,60,43,45,24.1,62.2,78.0,Sandy,NPK
Maize,104,49,22,15.6,76.6,87.2,Clay,NPK
Rice,28,59,75,16.2,42.1,84.8,Red,DAP
Rice,83,74,27,28.5,71.5,20.4,Sandy,Urea
Millet,49,29,43,20.5,37.1,31.8,Sandy,Organic
Wheat,137,74,68,39.5,30.1,67.1,Sandy,Urea
Sugarcane,60,18,79,36.3,86.1,55.9,Black,Compost
Tomato,65,21,45,31.8,89.7,71.6,Clay,Organic
Millet,43,30,33,21.3,88.2,76.8,Loamy,SSP
Rice,70,60,52,30.3,81.9,79.0,Sandy,Urea
Rice,125,75,68,34.8,43.0,25.9,Red,Urea
Millet,67,31,56,33.7,76.8,82.3,Clay,SSP
Millet,77,19,77,33.1,57.9,48.7,Black,SSP
Millet,98,78,78,33.8,88.8,66.7,Loamy,SSP
Sugarcane,82,36,18,20.7,49.5,68.7,Loamy,Compost
Rice,21,74,64,31.6,52.7,50.2,Loamy,Urea
Rice,96,19,37,18.2,77.7,41.9,Red,Urea
Tomato,117,58,28,28.9,54.5,44.0,Clay,Organic
Wheat,108,34,14,17.4,82.1,83.4,Loamy,DAP
Cotton,59,67,12,36.5,59.1,66.9,Red,DAP
Cotton,108,69,71,20.2,30.5,71.1,Black,MOP
Maize,123,37,19,35.6,69.5,67.8,Clay,Compost
Tomato,140,67,19,22.6,67.8,53.2,Black,NPK
Cotton,84,31,29,16.2,80.8,73.7,Sandy,MOP
Wheat,38,30,60,38.3,46.8,59.2,Red,DAP
Cotton,126,78,31,27.2,54.0,85.3,Loamy,SSP
Wheat,124,67,55,26.4,44.0,72.8,Black,DAP
Sugarcane,115,73,24,16.9,67.1,53.9,Red,Compost
Tomato,95,52,28,15.5,68.6,79.2,Loamy,Organic
Maize,22,54,79,24.5,41.6,24.3,Sandy,NPK
Sugarcane,27,13,14,37.6,34.1,87.4,Black,DAP
Sugarcane,62,46,73,33.3,86.7,70.2,Sandy,Compost
Wheat,107,11,51,27.0,83.2,79.2,Loamy,DAP
Tomato,89,33,79,36.0,78.1,82.8,Black,Organic
Maize,79,22,16,21.3,68.7,74.3,Loamy,Urea
Tomato,93,79,58,30.7,83.9,34.3,Red,Organic
Millet,22,63,62,38.8,84.5,47.4,Clay,SSP
Millet,117,55,39,16.8,77.3,73.3,Red,SSP
Maize,43,58,25,32.2,35.6,62.9,Red,DAP
Tomato,104,63,74,16.2,33.3,20.6,Red,Organic
Tomato,101,62,43,25.2,48.4,42.2,Red,Organic
Rice,96,26,71,29.9,65.9,69.7,Loamy,Urea
Sugarcane,23,79,54,30.7,86.8,43.7,Loamy,Compost
Rice,120,59,27,31.2,83.5,24.5,Red,Urea
Maize,122,30,39,29.9,74.6,22.5,Red,NPK
Tomato,77,44,57,25.3,89.8,45.6,Black,DAP
Maize,73,44,48,18.1,67.1,48.4,Loamy,NPK
Tomato,54,57,73,22.3,46.6,72.6,Clay,Organic
Maize,71,22,53,23.5,85.2,71.4,Sandy,NPK
Rice,69,76,72,16.7,49.3,26.4,Clay,Urea
Maize,88,49,17,36.5,86.0,43.1,Clay,NPK
Tomato,60,33,62,38.2,65.1,82.5,Clay,Organic
Rice,139,34,41,19.2,44.9,81.9,Clay,Urea
Millet,23,33,11,27.0,51.4,54.4,Sandy,SSP
Wheat,85,18,22,34.5,58.7,43.6,Black,Compost
Sugarcane,104,54,14,36.9,89.7,30.6,Sandy,Compost
Maize,34,71,60,34.7,79.4,29.8,Clay,NPK
Sugarcane,115,36,72,21.1,88.2,70.9,Red,Compost
Cotton,84,25,36,22.4,52.8,28.8,Sandy,MOP
Tomato,134,52,28,23.7,43.0,61.3,Red,Organic
Rice,90,29,75,19.9,74.1,24.4,Loamy,NPK
Sugarcane,134,40,18,31.7,58.4,59.4,Red,Compost
Millet,108,21,36,31.3,67.6,26.7,Red,SSP
Millet,103,68,54,38.4,34.0,85.7,Red,SSP
Rice,127,31,79,27.3,32.5,47.9,Clay,Urea
Wheat,38,76,30,25.7,74.5,65.4,Sandy,DAP
Tomato,51,23,10,15.9,52.9,28.9,Black,SSP
Rice,24,58,28,19.3,73.0,69.9,Red,Urea
Maize,92,36,56,15.8,36.0,43.4,Black,NPK
Sugarcane,76,40,51,24.2,50.9,34.4,Black,Organic
Tomato,56,62,77,15.1,66.6,68.1,Red,Organic
Millet,80,59,60,17.8,51.3,68.5,Black,SSP
Wheat,73,38,27,22.4,76.6,62.5,Clay,DAP
Tomato,40,39,34,37.6,69.0,49.4,Black,Urea
Sugarcane,85,55,76,18.4,77.7,89.8,Red,Organic
Millet,56,24,58,37.3,59.4,53.6,Clay,SSP
Tomato,43,23,39,27.4,60.8,61.0,Clay,Organic
Cotton,77,56,11,25.9,76.6,50.8,Sandy,MOP
Maize,37,42,32,37.7,36.7,24.3,Clay,NPK
Wheat,122,64,41,16.1,67.9,54.5,Black,DAP
Maize,72,47,65,35.5,57.6,44.6,Clay,NPK
Millet,67,51,13,25.3,69.0,71.1,Red,SSP
Wheat,61,80,51,18.7,56.9,78.7,Loamy,SSP
Rice,37,70,23,25.6,63.8,45.5,Clay,Organic
Wheat,39,77,18,17.9,50.8,61.6,Black,Urea
Maize,50,70,52,21.7,80.5,65.0,Red,NPK
Rice,89,17,67,22.2,36.6,61.2,Sandy,Urea
Wheat,43,33,55,32.2,55.2,41.9,Black,DAP
Maize,114,24,64,33.8,82.4,89.0,Sandy,NPK
Rice,64,44,34,24.6,63.5,79.4,Clay,Urea
Cotton,122,58,60,27.3,74.5,79.0,Loamy,Organic
Rice,125,71,46,16.3,44.7,81.3,Sandy,Urea
Millet,63,20,33,21.5,59.9,41.0,Sandy,SSP
Rice,49,32,27,39.9,56.6,67.2,Red,Urea
Maize,111,14,51,18.9,45.4,48.5,Sandy,NPK
Millet,78,71,38,25.8,36.2,78.9,Red,SSP
Maize,119,76,17,39.3,52.8,37.7,Loamy,NPK
Tomato,100,21,19,22.3,34.1,69.2,Loamy,Organic
Maize,69,27,27,26.8,36.2,62.2,Black,NPK
Wheat,61,44,16,35.4,53.8,73.7,Sandy,DAP
Maize,136,16,26,23.8,39.2,85.6,Red,NPK
Cotton,34,36,23,35.4,70.1,28.7,Red,MOP
Millet,70,71,16,15.7,84.7,85.9,Loamy,SSP
Rice,72,15,38,32.2,85.2,54.2,Sandy,Urea
Rice,64,11,73,32.4,73.0,42.4,Clay,Urea
Wheat,81,65,38,32.9,38.7,40.7,Red,NPK
Rice,121,38,66,33.4,44.7,37.9,Clay,Urea
Maize,39,34,38,21.8,30.5,47.6,Loamy,NPK
Millet,31,48,24,23.3,46.2,65.8,Black,DAP
Maize,69,27,69,37.1,82.5,36.5,Loamy,NPK
Tomato,86,34,79,31.7,59.1,29.7,Loamy,Organic
Tomato,53,11,27,30.3,80.7,31.2,Sandy,Organic
Wheat,59,18,51,37.8,34.2,60.5,Red,DAP
Maize,134,55,17,32.4,66.8,32.4,Sandy,NPK
Cotton,127,48,34,32.6,48.4,24.7,Sandy,MOP
Rice,23,70,67,16.4,52.7,64.2,Red,Urea
Sugarcane,23,69,16,30.1,75.9,82.2,Red,Compost
Wheat,52,27,67,22.8,32.5,24.5,Sandy,DAP
Wheat,72,62,15,37.7,65.6,29.3,Sandy,DAP
Millet,28,52,69,18.3,67.0,27.3,Loamy,SSP
Tomato,94,32,33,16.9,87.7,40.7,Sandy,Organic
Cotton,69,49,42,21.5,58.8,48.2,Sandy,MOP
Millet,66,68,74,38.6,59.3,25.7,Clay,SSP
Maize,47,68,19,34.4,79.4,32.3,Sandy,NPK
Tomato,117,60,15,29.2,69.1,88.7,Black,NPK
Cotton,46,77,34,20.7,65.3,82.9,Loamy,NPK
Sugarcane,58,10,41,24.9,79.2,20.6,Black,Compost
Wheat,33,25,36,30.1,64.8,55.2,Clay,DAP
Rice,70,69,58,16.4,52.1,30.5,Loamy,Urea
Wheat,55,26,59,39.4,83.5,38.4,Sandy,DAP
Rice,102,61,72,23.2,68.7,44.5,Loamy,Urea
Millet,131,54,13,38.6,37.4,86.2,Black,SSP
Sugarcane,21,58,71,24.0,39.5,24.3,Sandy,Compost
Sugarcane,122,27,15,28.6,81.2,73.7,Loamy,Compost
Millet,109,62,73,20.7,58.7,51.2,Black,SSP
Cotton,44,64,28,38.9,86.5,27.0,Clay,Urea
Wheat,88,70,63,24.2,36.1,53.7,Clay,SSP
Maize,52,73,72,15.0,41.8,46.4,Sandy,NPK
Wheat,62,68,67,33.0,72.7,55.7,Loamy,DAP
Tomato,80,31,15,39.2,87.6,26.2,Red,SSP
Maize,24,67,38,35.3,73.2,75.9,Red,NPK
Rice,103,53,13,33.6,74.4,58.0,Sandy,DAP
Cotton,32,15,27,30.6,70.3,88.5,Red,MOP
Millet,94,29,31,21.0,49.6,50.7,Sandy,SSP
Maize,73,12,71,21.2,87.2,65.8,Black,NPK
Cotton,127,77,60,31.9,64.7,74.5,Sandy,MOP
Cotton,71,38,29,27.6,60.7,36.8,Black,DAP
Wheat,100,10,65,39.6,34.0,75.1,Clay,DAP
Cotton,41,16,62,22.3,34.9,24.9,Sandy,MOP
Maize,107,63,11,34.4,86.3,65.2,Black,NPK
Cotton,115,12,49,31.0,81.8,42.1,Clay,MOP
Cotton,128,32,61,33.4,82.6,44.7,Sandy,MOP
Cotton,128,66,14,24.9,75.9,48.3,Clay,MOP
Maize,90,56,72,20.5,45.5,82.8,Loamy,NPK
Tomato,47,19,16,22.6,50.3,22.2,Clay,Organic
Maize,119,13,58,15.3,74.7,41.5,Sandy,NPK
Maize,63,76,76,27.6,48.6,45.4,Loamy,NPK
Cotton,54,49,43,29.2,33.4,30.1,Red,MOP
Maize,116,53,35,25.0,83.1,61.6,Loamy,NPK
Cotton,129,61,30,39.9,59.8,71.3,Clay,MOP
Rice,60,21,37,18.6,56.3,43.9,Sandy,Compost
Rice,81,62,48,27.1,77.2,23.6,Black,Urea
Tomato,23,43,71,33.0,49.7,73.8,Clay,Organic
Wheat,63,21,33,15.1,83.1,51.3,Loamy,DAP
Maize,100,44,64,35.8,85.9,59.0,Black,NPK
Cotton,80,41,36,30.4,35.1,39.6,Black,Urea
Rice,94,10,38,38.2,82.9,81.3,Red,Urea
Rice,45,48,55,22.3,42.1,53.1,Red,Urea
Wheat,115,66,64,19.0,86.0,79.5,Red,DAP
Maize,68,57,54,28.3,67.8,33.2,Sandy,NPK
Rice,45,70,31,22.2,69.3,40.6,Sandy,Urea
Wheat,116,78,29,26.9,56.2,31.6,Sandy,DAP
Millet,105,15,78,16.4,83.0,82.1,Red,Organic
Millet,102,17,27,29.3,57.2,30.7,Clay,SSP
Cotton,91,42,12,35.4,53.7,21.3,Loamy,MOP
Rice,92,56,75,34.7,60.8,34.9,Loamy,Urea
Maize,86,35,64,25.3,65.6,60.7,Red,NPK
Wheat,57,21,25,33.3,59.3,36.0,Clay,DAP
Maize,123,64,43,15.4,69.6,29.9,Clay,NPK
Cotton,101,56,51,26.7,56.7,39.8,Clay,MOP
Maize,93,78,58,16.5,48.6,47.0,Sandy,NPK
Tomato,131,34,36,16.3,42.1,79.9,Black,Organic
Maize,110,24,38,29.7,73.6,58.7,Clay,NPK
Sugarcane,116,21,26,30.7,36.8,70.4,Sandy,Compost
Tomato,69,38,42,26.5,62.4,63.2,Clay,Organic
Wheat,111,11,41,15.0,37.0,32.8,Red,DAP
Sugarcane,102,52,18,27.4,72.6,30.2,Clay,Compost
Rice,130,35,76,24.9,54.1,63.5,Black,Urea
Millet,96,49,23,24.4,67.2,31.6,Loamy,SSP
Maize,65,15,22,28.2,61.2,81.9,Loamy,NPK
Cotton,51,28,22,15.2,56.1,78.3,Clay,NPK
Sugarcane,76,69,33,26.5,33.7,39.5,Sandy,Compost
Maize,126,40,60,20.2,65.2,81.2,Sandy,NPK
Maize,113,42,71,24.1,83.5,62.5,Red,SSP
Cotton,55,53,69,39.3,90.0,31.2,Black,MOP
Millet,43,59,60,28.6,66.3,32.3,Red,Urea
Wheat,75,43,16,24.8,80.5,52.1,Black,DAP
Sugarcane,86,78,70,25.9,31.3,32.6,Loamy,Compost
Tomato,45,71,72,30.7,71.9,56.9,Loamy,Organic
Millet,46,38,55,35.8,33.2,79.1,Sandy,Urea
Rice,103,45,51,23.1,55.9,67.5,Red,Urea
Cotton,106,31,15,15.9,65.6,46.4,Loamy,MOP
Cotton,98,78,43,27.8,66.6,41.7,Sandy,MOP
Cotton,30,73,46,22.9,42.7,66.8,Black,MOP
Rice,68,37,75,27.6,74.0,58.2,Sandy,Urea
Millet,137,19,78,37.1,51.8,32.5,Loamy,Compost
Rice,120,76,57,18.8,35.4,40.7,Loamy,Urea
Millet,87,70,74,32.4,75.2,24.5,Black,SSP
Sugarcane,65,45,63,20.2,65.5,80.7,Black,MOP
Millet,114,78,61,30.3,44.6,56.9,Red,SSP
Millet,127,33,71,17.9,52.6,73.9,Loamy,SSP
Wheat,126,65,25,29.9,39.0,57.1,Sandy,DAP
Millet,95,21,57,25.0,81.1,78.0,Black,SSP
Sugarcane,54,38,79,20.7,83.1,76.5,Loamy,Compost
Cotton,28,58,52,36.8,89.0,36.1,Red,MOP
Tomato,33,25,69,29.3,81.6,80.6,Red,Organic
Wheat,47,26,44,39.3,69.3,26.6,Loamy,DAP
Cotton,95,27,18,26.5,48.4,45.9,Sandy,MOP
Rice,88,75,41,18.5,45.8,83.1,Sandy,Urea
Rice,20,15,66,15.7,77.7,22.7,Sandy,Urea
Tomato,118,16,62,33.3,37.5,62.2,Black,Organic
Maize,54,52,25,36.9,45.8,49.6,Black,NPK
Maize,107,10,26,31.2,63.0,29.3,Red,NPK
Tomato,54,43,56,15.5,86.5,46.9,Red,Organic
Millet,99,54,58,20.4,77.1,78.2,Black,MOP
Wheat,29,21,40,35.5,77.8,68.9,Sandy,DAP
Cotton,79,53,34,23.0,71.6,27.8,Clay,MOP
Cotton,133,61,56,28.6,40.8,87.0,Sandy,MOP
Millet,122,16,39,26.7,53.9,24.0,Sandy,SSP
Maize,34,30,63,23.1,77.5,20.4,Red,NPK
Maize,32,36,15,36.7,56.1,27.6,Black,NPK
Millet,75,70,64,26.9,65.8,50.5,Loamy,SSP
Millet,43,55,66,37.2,41.8,22.5,Sandy,SSP
Rice,89,71,53,36.0,61.4,55.7,Sandy,Urea
Tomato,59,26,47,17.4,42.4,71.5,Black,Organic
Cotton,130,71,27,26.7,39.5,66.4,Loamy,MOP
Rice,63,61,36,35.2,82.9,47.2,Red,Urea
Sugarcane,91,58,41,36.0,81.0,89.4,Clay,Compost
Rice,135,29,76,18.9,41.2,79.7,Loamy,Urea
Sugarcane,48,47,19,39.5,50.3,25.1,Sandy,Compost
Rice,86,78,80,34.9,71.4,81.6,Red,Urea
Cotton,127,35,64,25.8,79.9,43.5,Clay,MOP
Tomato,65,59,16,20.4,48.0,48.5,Clay,Organic
Rice,79,64,35,29.0,44.6,35.4,Red,Urea
Tomato,23,39,73,37.0,85.3,53.6,Black,Organic
Millet,26,74,44,37.2,47.7,28.8,Red,SSP
Maize,81,13,10,35.1,84.0,52.8,Red,NPK
Cotton,81,64,55,30.1,60.4,27.2,Black,MOP
Tomato,56,57,17,30.1,63.6,27.2,Black,MOP
Tomato,32,77,10,30.2,69.6,42.7,Clay,Organic
Millet,95,80,80,15.6,30.9,73.7,Black,SSP
Millet,27,38,25,34.3,36.6,34.2,Sandy,SSP
Tomato,122,15,25,31.3,75.2,51.3,Clay,Organic
Millet,75,56,66,34.2,60.4,66.7,Red,SSP
Rice,30,37,47,15.9,62.8,48.1,Loamy,SSP
Maize,56,48,13,33.3,54.1,32.0,Red,NPK
Wheat,111,65,50,37.2,84.1,33.1,Loamy,Compost
Maize,48,72,52,32.2,66.7,56.1,Clay,NPK
Sugarcane,139,52,53,34.1,80.2,23.3,Sandy,Compost
Tomato,41,77,14,36.8,80.9,38.0,Clay,Organic
Tomato,54,22,76,19.5,52.7,87.2,Clay,DAP
Rice,37,40,56,27.5,54.8,72.9,Clay,SSP
Sugarcane,135,53,59,26.7,34.0,42.8,Black,Compost
Wheat,82,58,29,15.7,76.8,87.2,Sandy,DAP
Tomato,65,19,78,31.7,74.1,40.7,Black,Organic
Maize,56,12,38,31.8,64.9,32.1,Red,NPK
Cotton,115,30,43,33.9,30.8,20.7,Loamy,MOP
Rice,32,61,45,29.3,83.0,31.2,Red,Urea
Tomato,85,19,74,28.1,76.4,49.8,Black,Organic
Wheat,63,69,71,19.5,51.6,64.3,Sandy,DAP
Maize,80,51,26,30.8,56.4,50.8,Black,NPK
Sugarcane,57,35,51,20.3,38.0,68.8,Black,Compost
Sugarcane,64,38,67,18.5,42.2,60.7,Black,Compost
Millet,88,13,38,32.9,71.6,34.7,Clay,SSP
Wheat,119,53,80,34.8,78.2,40.6,Red,DAP
Tomato,94,16,13,19.1,59.6,21.8,Loamy,Organic
Cotton,116,20,13,17.6,84.3,86.3,Black,MOP
Rice,70,19,26,23.6,39.6,65.9,Loamy,Urea
Tomato,131,76,24,16.4,62.1,43.4,Black,SSP
Cotton,86,43,77,27.1,76.1,54.9,Loamy,MOP
Sugarcane,41,74,67,17.7,48.7,46.4,Black,Compost
Millet,75,66,59,26.5,38.5,33.4,Black,SSP
Tomato,134,24,69,15.6,64.3,52.4,Red,Organic
Tomato,77,39,17,30.8,43.6,49.4,Clay,Organic
Maize,57,14,72,18.2,65.5,88.5,Clay,NPK
Sugarcane,73,61,48,26.5,30.8,66.4,Black,Compost
Tomato,123,70,57,20.4,71.1,80.8,Clay,Urea
Wheat,61,71,79,18.2,80.5,47.2,Clay,DAP
Rice,72,74,70,20.2,69.2,83.9,Loamy,Urea
Maize,75,27,44,32.1,35.2,65.0,Sandy,Compost
Tomato,96,67,80,25.6,72.2,76.7,Loamy,SSP
Wheat,72,35,40,26.4,62.7,59.6,Clay,DAP
Millet,103,47,17,35.8,52.3,89.4,Loamy,SSP
Wheat,63,71,33,27.9,35.1,29.1,Red,DAP
Sugarcane,84,26,47,30.1,65.7,75.2,Clay,Compost
Maize,42,71,13,33.5,48.7,22.4,Sandy,NPK
Rice,113,26,19,31.3,73.7,60.7,Clay,Urea
Rice,32,20,33,16.7,63.3,80.5,Black,Urea
Sugarcane,121,75,79,16.0,69.8,60.6,Red,Compost
Rice,28,72,16,16.4,50.0,31.9,Loamy,Urea
Cotton,113,57,10,25.2,76.5,36.3,Loamy,Compost
Tomato,106,79,19,26.0,87.1,41.7,Loamy,DAP
Cotton,75,41,25,35.7,87.8,25.8,Sandy,MOP
Millet,71,27,51,26.7,81.9,85.6,Sandy,SSP
Sugarcane,29,80,10,33.0,31.0,57.8,Sandy,Compost
Rice,73,61,40,16.7,90.0,43.2,Black,Urea
Cotton,97,37,47,19.6,82.4,79.2,Red,MOP
Rice,69,77,57,15.9,38.5,41.1,Black,Urea
Wheat,20,65,28,25.1,81.9,55.6,Sandy,DAP
Maize,71,56,71,33.0,76.3,53.3,Clay,MOP
Maize,125,29,44,24.5,69.7,34.2,Black,NPK
Tomato,75,12,36,25.6,40.2,64.2,Clay,Organic
Cotton,29,74,50,26.4,81.7,82.2,Sandy,Urea
Rice,32,56,26,15.1,40.6,55.3,Loamy,Urea
Millet,33,63,53,28.0,59.3,38.9,Black,SSP
Cotton,64,23,40,30.4,34.2,72.5,Loamy,MOP
Rice,42,44,44,18.6,50.2,49.9,Loamy,Urea
Wheat,94,50,73,36.9,69.1,78.7,Red,DAP
Tomato,37,34,79,24.2,47.7,36.7,Red,Organic
Millet,59,71,69,24.3,42.3,55.0,Red,SSP
Cotton,102,39,51,31.7,41.7,89.3,Loamy,MOP
Maize,138,10,48,33.3,68.5,65.7,Clay,NPK
Millet,28,19,29,32.6,57.8,74.7,Black,SSP
Millet,67,66,50,24.5,75.8,75.6,Black,SSP
Wheat,93,23,46,29.0,83.2,60.5,Clay,DAP
Sugarcane,78,59,38,28.7,63.9,84.4,Red,Organic
Cotton,23,16,70,28.5,59.3,75.5,Loamy,Organic
Wheat,47,38,24,29.0,73.3,25.7,Loamy,DAP
Rice,108,73,67,33.9,54.8,43.1,Black,Urea
Wheat,81,20,50,26.5,56.5,87.8,Red,DAP
Rice,84,36,39,27.0,88.4,20.9,Black,Urea
Millet,26,72,64,31.9,88.1,28.4,Loamy,SSP
Tomato,67,24,40,20.3,60.8,82.5,Sandy,Organic
Maize,115,57,29,39.7,42.3,62.5,Sandy,DAP
Tomato,37,26,24,21.3,88.6,85.4,Loamy,Organic
Cotton,76,15,66,20.8,48.4,89.2,Red,MOP
Sugarcane,80,67,72,23.3,66.8,38.2,Red,SSP
Rice,41,33,54,16.1,88.5,53.5,Clay,Urea
Wheat,99,56,62,25.4,72.0,47.1,Red,DAP
Sugarcane,112,42,26,36.1,82.0,79.5,Black,NPK
Sugarcane,61,12,56,21.7,81.6,45.7,Red,DAP
Millet,133,57,38,25.9,62.5,79.8,Black,SSP
Cotton,70,46,56,15.8,37.1,69.6,Black,MOP
Maize,91,80,47,18.2,31.8,68.7,Clay,NPK
Cotton,115,33,37,34.2,64.7,81.1,Clay,MOP
Sugarcane,109,37,13,26.0,32.2,52.7,Clay,Compost
Maize,98,72,67,16.8,47.8,21.2,Red,NPK
Rice,97,34,15,34.4,40.1,25.6,Sandy,Urea
Millet,25,70,27,15.3,87.0,44.3,Clay,SSP
Wheat,124,45,18,15.1,51.4,36.3,Black,DAP
Rice,40,29,50,33.7,79.5,48.5,Black,Urea
Millet,71,54,57,22.9,64.9,62.5,Clay,SSP
Wheat,52,19,47,37.7,58.0,71.2,Clay,DAP
Rice,108,76,54,39.1,50.6,74.8,Clay,Urea
Cotton,30,45,16,15.7,82.0,36.9,Loamy,MOP
Maize,42,10,69,33.6,72.0,62.5,Black,NPK
Sugarcane,122,71,56,28.2,77.0,56.0,Clay,Compost
Cotton,104,14,30,25.7,66.2,51.3,Black,MOP
Wheat,138,33,78,29.8,36.5,44.0,Clay,DAP
Maize,22,75,15,27.0,42.5,63.0,Red,NPK
Millet,58,46,61,36.7,51.5,72.8,Black,SSP
Maize,60,48,18,38.8,43.3,70.4,Red,NPK
Rice,117,79,49,29.9,66.7,43.2,Loamy,Urea
Tomato,69,63,56,29.3,89.1,36.0,Sandy,Organic
Tomato,71,30,78,23.9,78.7,21.7,Red,Organic
Sugarcane,37,63,21,31.1,60.4,61.9,Loamy,MOP
Rice,42,68,24,28.5,49.5,45.6,Red,Compost
Wheat,134,38,39,20.7,59.1,65.0,Loamy,DAP
Cotton,29,58,10,33.4,64.8,21.7,Sandy,NPK
Cotton,93,31,32,23.2,79.0,26.0,Sandy,MOP
Millet,55,63,63,22.8,61.8,32.6,Loamy,SSP
Wheat,90,63,47,30.9,88.2,26.8,Loamy,DAP
Maize,37,11,48,29.9,82.6,87.3,Red,NPK
Cotton,86,16,63,26.0,84.5,88.4,Red,Compost
Maize,40,62,26,20.0,34.8,55.6,Red,NPK
Sugarcane,85,14,73,29.0,68.4,76.5,Red,Compost
Cotton,82,63,64,17.9,88.3,23.3,Clay,SSP
Cotton,137,74,40,38.5,38.4,62.5,Red,MOP
Wheat,138,57,34,22.3,35.8,20.6,Red,DAP
Sugarcane,31,19,75,27.4,84.7,23.1,Clay,Compost
Cotton,83,57,24,39.1,47.4,65.4,Red,MOP
Rice,64,55,79,25.0,47.5,26.5,Clay,SSP
Tomato,101,62,39,34.9,65.2,77.6,Loamy,Organic
Wheat,61,75,18,35.7,40.8,62.6,Loamy,DAP
Millet,109,67,56,35.8,74.2,24.7,Clay,SSP
Cotton,25,21,18,34.3,82.8,49.3,Red,MOP
Maize,69,22,42,35.8,69.1,42.8,Clay,NPK
Millet,52,46,48,26.4,48.4,24.7,Loamy,SSP
Cotton,68,51,28,30.2,72.3,75.8,Clay,SSP
Cotton,38,68,67,20.8,57.5,82.7,Black,MOP
Wheat,100,49,34,17.6,62.3,32.7,Clay,DAP
Millet,72,18,70,20.0,68.3,62.1,Clay,SSP
Rice,28,77,43,26.2,38.1,42.0,Black,Compost
Wheat,49,21,28,32.1,77.2,72.9,Black,DAP
Sugarcane,67,64,63,19.5,37.5,52.1,Clay,MOP
Cotton,89,78,41,21.6,58.7,27.8,Clay,MOP
Rice,127,48,73,36.7,81.0,71.3,Black,Urea
Millet,30,54,37,30.9,62.2,23.8,Clay,SSP
Cotton,22,69,57,35.9,65.9,51.5,Loamy,MOP
Rice,111,51,12,24.1,85.7,80.8,Clay,Urea
Maize,125,15,39,23.3,57.8,25.7,Black,NPK
Sugarcane,28,64,72,39.3,31.3,74.7,Loamy,Compost
Cotton,84,57,47,24.2,44.3,49.3,Loamy,MOP
Millet,85,59,63,37.6,55.6,31.2,Black,SSP
Rice,110,21,66,15.7,70.4,26.0,Red,Urea
Tomato,92,74,11,29.2,88.4,76.2,Sandy,SSP
Cotton,121,12,41,21.0,48.8,63.2,Clay,MOP
Millet,55,42,45,38.7,76.2,36.0,Sandy,SSP
Sugarcane,63,44,49,20.8,60.8,69.9,Red,Compost
Maize,42,47,14,26.9,47.2,52.0,Loamy,NPK
Maize,107,21,67,38.4,61.6,68.9,Sandy,NPK
Wheat,50,31,77,20.4,47.1,52.8,Black,Urea
Sugarcane,31,48,11,38.1,50.1,64.7,Sandy,Compost
Maize,130,42,12,16.2,48.2,70.8,Sandy,SSP
Sugarcane,122,78,66,20.9,62.4,76.8,Loamy,MOP
Cotton,99,13,71,28.5,83.8,80.3,Sandy,MOP
Maize,94,67,22,30.1,80.3,82.5,Red,NPK
Sugarcane,88,78,20,20.6,84.1,48.3,Red,Compost
Cotton,71,20,36,21.5,36.7,21.9,Black,MOP
Cotton,87,40,38,15.2,39.8,80.3,Sandy,MOP
Sugarcane,122,69,33,22.3,59.1,51.2,Clay,Compost
Millet,122,70,79,21.8,39.2,21.5,Sandy,SSP
Sugarcane,91,77,64,17.0,77.9,65.6,Loamy,Compost
Cotton,80,70,10,23.5,48.3,60.3,Black,MOP
Wheat,128,15,80,34.4,80.3,27.0,Sandy,DAP
Sugarcane,48,24,11,26.8,85.4,69.9,Sandy,Compost
Cotton,66,34,63,27.4,33.9,44.8,Loamy,MOP
Cotton,50,46,43,29.5,74.3,28.7,Red,MOP
Cotton,55,27,55,17.5,44.2,54.4,Black,MOP
Cotton,21,67,63,16.2,78.7,45.3,Loamy,MOP
Rice,67,68,23,31.1,85.9,79.6,Black,Urea
Rice,43,78,76,23.2,79.3,22.0,Clay,Urea
Cotton,55,64,79,21.0,32.4,60.4,Loamy,MOP
Rice,139,80,47,29.3,64.4,67.0,Clay,Urea
Tomato,126,74,22,34.0,78.7,78.0,Loamy,Organic
Millet,137,29,76,15.4,55.7,79.0,Black,SSP
Tomato,135,33,37,19.5,87.7,61.1,Sandy,Organic
Tomato,31,51,78,22.7,40.7,69.6,Loamy,MOP
Cotton,28,13,13,34.7,37.8,37.6,Red,MOP
Wheat,140,38,45,22.4,45.2,85.9,Red,DAP
Cotton,101,57,72,17.9,35.9,33.3,Sandy,MOP
Sugarcane,71,49,11,27.5,76.9,53.5,Loamy,Compost
Millet,37,71,41,38.3,51.7,74.1,Loamy,SSP
Cotton,102,65,50,27.5,41.8,57.6,Clay,MOP
Sugarcane,71,31,24,39.4,49.0,29.5,Red,NPK
Rice,50,79,47,24.6,41.2,66.1,Red,SSP
Maize,51,47,71,37.5,81.7,69.6,Loamy,NPK
Tomato,69,13,39,36.5,80.6,77.2,Loamy,Organic
Wheat,45,65,19,30.8,59.6,77.9,Red,Urea
Wheat,112,14,30,32.1,65.1,71.8,Clay,MOP
Sugarcane,88,78,38,35.6,86.4,46.1,Sandy,Compost
Wheat,47,40,18,23.5,82.9,71.2,Clay,DAP
Wheat,78,73,77,18.9,50.4,74.6,Sandy,DAP
Wheat,45,65,70,35.7,56.3,71.5,Clay,DAP
Millet,86,12,80,19.1,53.0,39.2,Clay,SSP
Tomato,139,11,58,22.3,46.0,78.4,Red,Organic
Rice,55,43,43,29.0,62.6,57.3,Black,Urea
Cotton,62,72,72,33.5,40.3,55.1,Red,MOP
Cotton,128,27,36,15.0,72.9,35.0,Clay,MOP
Cotton,58,18,46,23.9,66.6,89.8,Black,MOP
Cotton,106,39,72,26.0,51.6,43.8,Clay,MOP
Wheat,113,36,34,39.0,56.7,52.7,Red,DAP
Rice,24,46,53,29.0,60.2,45.7,Sandy,Urea
Millet,97,58,32,38.2,59.4,66.0,Clay,NPK
Sugarcane,58,69,30,30.2,68.6,54.9,Clay,DAP
Tomato,107,75,39,37.6,63.0,50.0,Black,Compost
Tomato,102,40,49,37.3,37.0,21.7,Clay,Organic
Cotton,63,38,70,21.2,46.1,31.4,Black,MOP
Wheat,100,67,29,25.9,54.7,22.1,Loamy,DAP
Wheat,136,34,11,22.6,71.8,72.2,Loamy,DAP
Wheat,40,18,52,39.5,48.4,67.5,Clay,NPK
Maize,62,58,29,25.2,71.3,55.7,Sandy,NPK
Wheat,138,49,69,39.5,63.3,23.5,Sandy,DAP
Rice,49,80,31,39.9,62.0,43.6,Red,Urea
Sugarcane,24,18,73,39.0,39.9,42.8,Clay,Compost
Wheat,60,23,12,30.8,86.2,82.8,Loamy,DAP
Wheat,64,40,27,38.4,54.5,47.0,Black,DAP
Wheat,44,41,28,19.7,81.9,61.5,Clay,DAP
Wheat,132,49,45,26.0,60.1,76.2,Red,DAP
Rice,31,13,49,15.1,45.4,26.7,Sandy,Urea
Wheat,80,44,72,36.6,31.8,70.3,Black,DAP
Tomato,40,19,50,38.1,34.2,27.5,Sandy,Organic
Cotton,100,49,12,25.7,30.2,60.7,Red,MOP
Sugarcane,39,19,17,32.7,57.6,60.0,Clay,Compost
Sugarcane,86,76,68,21.7,89.4,48.0,Black,Compost
Cotton,60,44,46,30.9,81.9,70.1,Clay,MOP
Sugarcane,105,77,46,22.7,72.6,41.6,Clay,Compost
Sugarcane,74,42,80,29.0,63.4,88.3,Loamy,SSP
Millet,68,56,68,30.6,84.6,33.5,Black,SSP
Sugarcane,31,43,24,36.0,40.6,46.6,Sandy,Compost
Rice,27,65,46,26.9,70.3,60.9,Clay,Urea
Cotton,119,23,64,28.9,65.8,56.9,Loamy,MOP
Maize,131,75,34,31.9,73.4,26.2,Clay,Compost
Tomato,70,17,27,39.1,37.1,41.9,Red,SSP
Maize,85,72,52,15.3,31.8,28.7,Loamy,NPK
Maize,48,63,16,28.0,54.5,26.6,Loamy,NPK
Wheat,140,12,22,31.2,38.7,83.1,Loamy,DAP
Tomato,82,32,66,33.9,70.8,51.0,Sandy,Organic
Millet,62,79,27,28.7,66.1,70.5,Black,SSP
Sugarcane,77,41,24,24.4,85.0,21.2,Loamy,Compost
Tomato,84,55,59,27.3,59.3,87.0,Clay,Organic
Sugarcane,135,18,59,36.6,72.3,68.6,Clay,Compost
Millet,46,16,72,23.8,39.6,37.9,Loamy,SSP
Wheat,134,18,18,19.7,53.6,75.5,Black,DAP
Sugarcane,99,23,12,31.3,34.6,78.5,Sandy,Compost
Rice,24,56,26,38.5,52.4,27.7,Sandy,Compost
Wheat,36,78,35,19.8,87.0,35.3,Red,DAP
Rice,89,28,49,28.8,73.1,30.4,Black,Urea
Cotton,82,69,75,27.2,73.0,20.1,Sandy,MOP
Rice,21,14,40,28.4,37.1,61.2,Sandy,Urea
Millet,36,41,17,34.7,34.1,61.8,Red,SSP
Tomato,137,79,50,35.7,43.4,53.3,Sandy,Organic
Millet,124,48,45,25.8,69.0,64.6,Sandy,SSP
Cotton,71,11,63,30.6,86.9,36.4,Loamy,DAP
Sugarcane,66,64,27,20.6,33.1,73.8,Black,Compost
Millet,97,69,70,33.6,35.3,25.9,Black,DAP
Maize,38,43,46,29.7,80.4,22.6,Red,NPK
Wheat,101,67,63,39.1,47.3,74.4,Sandy,DAP
Maize,34,22,21,30.1,48.4,72.5,Loamy,NPK
Rice,90,80,64,19.4,36.7,85.8,Black,Urea
Cotton,57,44,43,17.4,38.9,56.0,Sandy,MOP
Maize,93,78,57,35.7,53.4,48.9,Loamy,NPK
Tomato,73,78,15,15.5,80.9,48.0,Clay,Organic
Millet,102,12,72,25.2,51.7,69.3,Clay,SSP
Millet,67,17,69,31.0,88.9,65.3,Sandy,SSP
Millet,31,59,20,33.0,69.0,83.6,Red,SSP
Sugarcane,103,23,72,24.4,46.4,87.0,Red,Compost
Sugarcane,127,16,24,28.7,76.3,78.9,Clay,Compost
Tomato,53,56,15,21.5,60.3,87.6,Red,Organic
Rice,32,15,51,15.3,85.7,60.1,Black,Urea
Sugarcane,70,43,19,31.4,46.0,20.2,Clay,Compost
Maize,93,40,38,19.0,67.6,28.8,Red,NPK
Millet,95,68,29,15.7,83.5,52.1,Red,DAP
Millet,92,66,13,27.8,35.2,40.8,Black,Urea
Wheat,50,18,62,15.4,63.8,80.5,Black,DAP
Tomato,20,70,30,17.2,59.1,70.0,Sandy,Organic
Maize,121,64,29,15.2,71.5,86.4,Red,NPK
Maize,87,74,62,25.7,69.0,60.8,Sandy,NPK
Wheat,121,45,12,33.1,78.4,69.8,Loamy,DAP
Cotton,113,72,59,18.3,75.1,26.8,Red,MOP
Wheat,134,47,77,30.5,85.3,55.1,Red,MOP
Wheat,124,63,29,18.6,61.7,52.7,Black,DAP
Cotton,122,22,72,38.4,36.3,39.8,Loamy,MOP
Millet,73,18,11,17.7,65.8,33.2,Black,SSP
Rice,75,44,51,29.3,52.7,69.1,Black,Compost
Maize,55,14,59,28.1,84.4,57.3,Red,NPK
Wheat,140,28,55,18.9,62.2,68.4,Red,DAP
Maize,98,59,47,24.3,41.3,86.2,Red,NPK
Maize,47,40,59,35.5,35.9,25.2,Loamy,NPK
Cotton,103,29,55,28.6,80.9,29.9,Black,MOP
Rice,21,28,74,29.5,33.0,86.1,Red,Urea
Cotton,29,37,22,19.7,84.1,43.9,Black,MOP
Rice,47,25,40,23.7,70.0,50.6,Sandy,Urea
Cotton,43,69,33,28.2,79.2,67.9,Loamy,MOP
Maize,73,41,69,31.5,54.7,41.9,Black,SSP
Millet,69,65,38,39.5,61.1,27.9,Red,SSP
Tomato,75,26,29,35.0,38.5,34.4,Sandy,Organic
Maize,117,68,49,36.0,54.3,65.5,Red,NPK
Sugarcane,103,65,78,27.2,72.7,30.6,Sandy,Compost
Sugarcane,28,57,51,35.3,87.4,74.9,Black,Compost
Millet,74,31,12,24.4,60.5,40.4,Clay,Compost
Tomato,60,64,75,37.1,49.0,83.0,Clay,Organic
Sugarcane,52,26,63,35.4,31.3,56.1,Loamy,Compost
Cotton,131,38,57,18.6,76.2,42.3,Black,NPK
Sugarcane,62,63,31,25.0,79.7,78.6,Red,Compost
Rice,121,10,41,17.3,36.4,70.3,Black,Urea
Cotton,90,48,27,39.2,47.8,70.3,Red,MOP
Maize,62,31,74,17.9,50.5,76.5,Clay,NPK
Wheat,57,16,65,39.2,84.4,55.1,Red,DAP
Wheat,51,80,49,16.0,46.7,25.2,Black,DAP
Sugarcane,64,19,31,38.8,54.5,27.2,Clay,MOP
Millet,90,12,72,16.0,82.9,52.5,Black,SSP
Rice,126,53,56,20.0,69.0,71.6,Sandy,DAP
Cotton,74,50,36,17.4,87.0,84.3,Loamy,MOP
Rice,47,80,65,26.1,88.2,60.2,Black,Urea
Wheat,138,69,66,23.8,39.4,72.4,Sandy,DAP
Sugarcane,54,26,66,30.4,69.6,54.5,Red,Compost
Rice,119,32,57,32.9,45.7,71.8,Black,Urea
Rice,74,35,74,33.8,41.2,37.6,Loamy,Urea
Wheat,119,33,54,33.8,48.6,38.2,Red,Compost
Sugarcane,111,75,17,31.4,36.1,32.2,Red,Compost
Maize,24,41,49,34.2,46.2,79.2,Black,NPK
Cotton,87,78,42,22.0,76.7,31.8,Red,MOP
Wheat,70,20,13,16.2,55.4,28.9,Clay,DAP
Millet,46,43,12,28.2,60.4,31.1,Loamy,SSP
Millet,71,40,36,25.7,49.0,40.2,Black,SSP
Sugarcane,111,12,40,15.9,57.9,63.3,Clay,Compost
Sugarcane,80,60,37,30.7,47.9,46.7,Clay,MOP
Cotton,58,23,52,20.3,60.5,41.5,Red,MOP
Sugarcane,34,60,48,16.4,74.4,52.9,Loamy,Compost
Maize,23,33,69,21.6,63.7,75.2,Red,NPK
Cotton,31,54,47,22.3,74.0,58.9,Loamy,MOP
Millet,41,52,17,19.3,64.3,21.3,Loamy,SSP
Wheat,29,41,23,36.7,39.4,51.4,Clay,DAP
Tomato,124,44,68,22.5,33.2,78.1,Red,Organic
Wheat,93,26,53,33.0,38.0,82.4,Black,DAP
Tomato,88,78,32,22.0,71.7,54.2,Loamy,Organic
Millet,78,57,54,33.5,59.4,24.9,Clay,SSP
Maize,29,44,54,30.1,83.7,26.2,Clay,NPK
Maize,52,15,28,37.9,49.4,22.4,Loamy,NPK
Sugarcane,76,75,33,26.2,39.9,60.7,Black,Compost
Millet,91,20,33,16.5,86.1,74.8,Black,SSP
Maize,61,45,66,18.8,46.9,28.0,Sandy,MOP
Cotton,137,73,23,27.3,71.9,79.9,Clay,MOP
Tomato,64,43,12,18.0,53.1,80.7,Sandy,Organic
Rice,138,35,55,26.1,81.9,57.7,Sandy,Urea
Tomato,113,47,27,26.5,57.0,56.0,Clay,Organic
Tomato,80,31,57,20.1,84.0,47.3,Loamy,Organic
Rice,47,22,51,20.4,30.2,48.2,Red,Urea
Maize,30,60,65,21.8,83.1,70.3,Sandy,NPK
Tomato,127,23,18,24.6,49.2,89.5,Sandy,Organic
Rice,127,41,15,27.5,59.0,21.8,Red,Urea
Wheat,116,40,51,32.2,85.1,83.2,Red,DAP
Tomato,50,49,78,15.5,62.8,58.0,Sandy,Organic
Wheat,29,47,22,31.3,83.7,67.6,Loamy,DAP
Wheat,140,27,38,33.4,37.8,88.3,Loamy,DAP
Maize,113,72,72,23.9,59.0,59.9,Black,NPK
Tomato,48,32,52,27.1,52.7,74.8,Clay,Organic
Tomato,111,53,39,29.0,78.8,81.2,Black,Organic
Rice,31,53,15,37.4,64.3,26.7,Sandy,Urea
Millet,64,12,30,27.8,44.1,86.1,Loamy,SSP
Millet,29,41,57,34.4,75.7,37.8,Black,SSP
Wheat,41,73,61,22.2,31.4,58.1,Sandy,DAP
Wheat,106,15,55,33.9,70.0,88.1,Black,DAP
Maize,132,71,60,38.6,89.2,24.0,Clay,NPK
Rice,130,40,65,27.4,37.0,51.4,Clay,Compost
Maize,40,58,67,33.2,31.5,64.3,Clay,NPK
Cotton,54,20,10,17.7,34.0,38.5,Black,MOP
Wheat,38,55,60,15.1,35.4,32.8,Black,DAP
Maize,136,33,17,21.4,65.8,66.5,Black,NPK
Millet,106,80,40,22.2,63.8,75.7,Loamy,SSP
Millet,95,44,33,18.2,55.4,50.0,Clay,SSP
Cotton,123,64,49,15.1,74.3,43.7,Loamy,MOP
Sugarcane,97,13,61,36.9,46.7,75.1,Loamy,MOP
Wheat,24,57,53,24.4,52.0,26.8,Black,DAP
Cotton,105,52,50,18.9,43.9,27.8,Sandy,MOP
Tomato,140,37,15,39.8,31.7,72.9,Black,Organic
Maize,128,45,35,25.3,58.4,73.4,Black,NPK
Tomato,125,49,15,22.3,80.2,26.3,Loamy,Compost
Tomato,104,19,58,19.0,60.3,80.6,Sandy,Organic
Millet,115,18,14,37.7,72.3,28.9,Red,Urea
Wheat,121,17,49,16.6,54.3,39.7,Loamy,DAP
Maize,53,35,31,34.0,57.1,48.5,Black,NPK
Millet,98,80,68,27.1,49.0,79.5,Black,MOP
Maize,103,62,74,36.4,87.4,27.8,Red,NPK
Rice,46,75,35,24.5,43.2,51.3,Red,Urea
Maize,121,79,52,31.2,78.5,61.9,Sandy,NPK
Tomato,28,72,49,21.6,44.4,88.8,Loamy,Organic
Millet,70,45,37,23.3,87.2,90.0,Loamy,SSP
Tomato,101,71,20,19.6,89.6,48.4,Clay,Organic
Millet,40,70,50,23.3,30.7,76.0,Clay,SSP
Wheat,90,77,74,31.3,43.8,82.7,Red,DAP
Millet,98,31,47,27.7,51.8,89.7,Black,SSP
Rice,41,20,16,36.1,86.7,34.3,Sandy,Urea
Sugarcane,99,51,80,33.0,37.3,38.9,Loamy,NPK
Maize,77,50,78,16.5,35.8,24.9,Clay,NPK
Rice,50,44,76,37.7,82.8,69.5,Loamy,Urea
Rice,78,31,40,16.6,75.7,80.4,Sandy,Urea
Rice,74,64,52,26.2,54.7,28.6,Sandy,Urea
Cotton,33,24,72,22.7,47.6,89.9,Black,MOP
Sugarcane,64,79,36,35.0,39.2,86.1,Black,Compost
Tomato,71,10,26,39.6,76.0,82.9,Red,Organic
Maize,103,28,66,34.4,39.3,57.2,Black,SSP
Tomato,127,10,38,35.3,34.3,50.3,Loamy,Organic
Millet,76,24,76,35.4,89.6,33.1,Loamy,SSP
Tomato,107,32,26,24.7,75.6,85.7,Black,Organic
Tomato,29,47,70,18.3,69.2,50.4,Sandy,Organic
Maize,57,68,28,27.3,49.7,28.9,Loamy,NPK
Wheat,56,58,37,36.6,49.9,36.9,Black,DAP
Wheat,106,19,29,36.2,63.5,61.2,Loamy,DAP
Maize,84,15,75,29.6,38.3,61.0,Sandy,NPK
Tomato,97,47,49,19.1,87.5,89.4,Loamy,Organic
Wheat,77,57,56,33.4,58.0,82.2,Clay,DAP
Maize,134,37,69,31.8,52.0,24.9,Sandy,NPK
Wheat,54,42,35,30.6,67.3,62.3,Black,DAP
Millet,32,41,70,26.3,47.1,69.1,Loamy,SSP
Wheat,123,76,79,38.2,40.2,76.3,Loamy,MOP
Wheat,78,15,53,29.6,53.6,60.6,Loamy,DAP
Millet,28,33,11,25.1,50.1,53.3,Loamy,SSP
Cotton,114,45,29,20.3,34.7,73.4,Red,MOP
Maize,89,48,75,30.0,83.3,31.8,Loamy,NPK
Cotton,72,36,61,25.3,79.8,71.2,Red,MOP
Millet,26,23,20,22.9,51.6,40.6,Loamy,SSP
Millet,126,24,74,26.6,77.3,34.8,Loamy,SSP
Tomato,80,45,55,28.9,40.3,26.8,Red,Organic
Maize,134,25,73,18.7,71.1,83.6,Sandy,Urea
Tomato,34,38,51,23.0,86.5,59.7,Loamy,Urea
Cotton,100,25,48,17.5,36.1,79.1,Black,MOP
Rice,38,77,16,19.9,88.0,25.1,Sandy,Urea
Sugarcane,32,23,38,28.4,37.4,72.9,Black,NPK
Wheat,52,41,30,38.8,61.2,38.3,Black,Urea
Wheat,66,67,69,19.9,49.4,59.4,Red,DAP
Rice,84,20,66,38.6,69.6,47.2,Loamy,Urea
Sugarcane,91,15,21,31.9,61.3,89.4,Red,SSP
Rice,41,68,80,29.5,53.7,67.2,Red,Urea
Tomato,56,74,41,17.6,52.8,77.8,Red,Organic
Sugarcane,64,37,18,36.2,30.1,26.0,Black,Compost
Tomato,120,18,55,29.3,80.6,85.7,Black,Organic
Wheat,50,24,43,24.1,84.4,70.7,Red,DAP
Wheat,51,77,25,37.9,54.8,88.7,Sandy,DAP
Rice,35,26,56,20.7,83.3,59.0,Red,Urea
Maize,128,69,30,35.0,55.0,80.7,Clay,NPK
Rice,51,25,27,29.1,61.5,73.9,Black,Urea
Tomato,105,41,72,25.4,56.2,80.8,Loamy,Organic
Sugarcane,35,60,53,23.8,46.5,61.5,Sandy,Compost
Sugarcane,56,48,23,30.7,89.9,31.1,Black,SSP
Tomato,113,75,26,28.5,47.6,68.1,Sandy,Organic
Cotton,92,26,56,34.9,59.6,89.4,Loamy,MOP
Millet,77,29,17,17.1,55.1,85.9,Sandy,SSP
Cotton,135,59,49,38.0,68.2,70.8,Clay,MOP
Cotton,94,50,41,17.6,86.8,33.2,Sandy,MOP
Cotton,58,32,42,30.3,77.9,48.8,Sandy,MOP
Tomato,122,24,19,20.4,65.1,61.6,Sandy,Organic
Cotton,130,10,38,21.4,63.2,71.8,Black,MOP
Rice,99,10,69,36.4,80.3,84.4,Sandy,Compost
Rice,73,39,71,18.4,54.6,43.4,Sandy,Urea
Cotton,45,59,32,22.6,88.1,39.7,Red,Organic
Sugarcane,92,77,32,23.5,65.1,74.8,Sandy,Compost
Maize,34,19,37,28.0,52.8,84.3,Sandy,NPK
Tomato,73,47,78,28.2,69.0,22.9,Clay,Organic
Cotton,84,45,42,28.5,31.3,79.5,Black,MOP
Maize,104,20,58,17.9,40.1,82.8,Red,NPK
Millet,44,62,27,33.2,50.0,48.5,Red,SSP
Rice,25,78,76,21.7,73.1,88.1,Sandy,Urea
Millet,73,58,78,17.5,34.6,50.0,Clay,SSP
Sugarcane,62,70,75,26.7,74.3,66.2,Sandy,Compost
Millet,82,75,47,20.2,72.1,64.5,Sandy,SSP
Millet,31,31,34,18.2,59.6,26.5,Red,SSP
Millet,67,27,37,27.5,38.0,57.7,Black,SSP
Rice,67,76,67,17.2,80.1,78.6,Black,Urea
Rice,34,17,39,32.0,74.1,63.2,Clay,Urea
Cotton,63,10,18,32.2,86.8,31.5,Red,MOP
Millet,53,57,18,15.3,54.2,48.0,Red,SSP
Wheat,83,59,48,16.3,56.4,31.0,Clay,DAP
Tomato,60,37,73,22.7,40.5,50.5,Black,Organic
Millet,63,28,77,37.9,39.6,48.5,Clay,SSP
Maize,31,66,41,30.9,77.4,33.8,Black,NPK
Sugarcane,62,43,38,39.9,86.4,58.3,Red,Compost
Tomato,100,46,77,30.2,53.9,26.9,Black,Organic
Rice,78,29,75,19.1,79.2,74.0,Red,DAP
Sugarcane,53,65,20,23.0,45.0,65.9,Black,Compost
Tomato,57,17,27,18.0,75.9,43.9,Red,Organic
Millet,77,12,49,25.9,62.5,42.0,Loamy,SSP
Cotton,37,70,69,25.2,84.0,74.8,Sandy,MOP
Rice,34,79,39,19.3,74.4,84.8,Black,Urea
Millet,47,64,18,31.9,60.7,43.9,Clay,SSP
Maize,75,61,65,27.9,87.0,60.8,Red,NPK
Tomato,44,28,14,27.9,65.0,65.0,Clay,Organic
Millet,114,75,54,17.4,53.7,84.4,Red,SSP
Wheat,94,18,11,27.8,87.0,86.2,Clay,DAP
Sugarcane,31,10,45,36.3,62.7,68.5,Loamy,Compost
Rice,123,63,46,16.0,32.8,89.7,Loamy,Urea
Tomato,102,62,33,18.5,52.6,33.0,Clay,MOP
Maize,106,42,46,15.3,54.4,82.6,Clay,NPK
Millet,34,69,39,34.8,38.8,63.6,Sandy,SSP
Rice,108,41,71,16.4,39.0,35.1,Sandy,Urea
Rice,53,11,39,25.0,35.7,81.9,Clay,Urea
Wheat,79,18,45,34.8,45.7,52.9,Black,DAP
Wheat,114,21,15,32.1,57.9,76.0,Clay,DAP
Millet,130,58,33,18.0,36.4,51.6,Black,SSP
Sugarcane,86,73,72,16.3,36.2,57.5,Sandy,Compost
Millet,77,67,61,24.6,33.4,36.6,Loamy,SSP
Cotton,111,70,41,30.3,49.7,66.9,Red,MOP
Maize,138,66,52,31.6,83.0,59.2,Black,NPK
Rice,122,10,60,32.4,79.5,54.7,Clay,Urea
Wheat,49,38,15,32.9,47.2,83.0,Sandy,NPK
Sugarcane,65,45,58,34.4,76.4,47.9,Sandy,Compost
Maize,106,26,65,26.9,68.6,33.8,Loamy,NPK
Rice,56,63,43,31.1,58.9,24.8,Red,Urea
Sugarcane,112,44,36,39.8,67.2,24.9,Sandy,Compost
Millet,121,78,47,31.4,84.6,73.4,Red,DAP
Wheat,53,54,21,20.1,64.7,28.6,Red,DAP
Tomato,28,22,59,20.6,87.8,54.8,Clay,Organic
Cotton,23,39,76,19.2,53.7,24.9,Loamy,MOP
Sugarcane,26,12,19,19.7,32.8,23.6,Loamy,DAP
Tomato,60,31,23,33.6,88.2,67.0,Black,Organic
Cotton,94,54,75,28.3,32.5,89.5,Red,MOP
Millet,58,38,24,16.1,35.0,66.1,Loamy,DAP
Rice,93,47,15,22.4,43.1,77.4,Black,Urea
Tomato,27,25,15,16.7,74.1,61.8,Black,NPK
Tomato,83,53,67,39.2,41.1,63.7,Sandy,Organic
Rice,25,31,78,22.4,54.2,40.6,Black,Urea
Tomato,36,33,42,39.3,32.8,67.9,Sandy,Organic
Sugarcane,29,13,40,38.6,68.3,50.8,Red,MOP
Wheat,61,42,40,37.9,79.7,58.9,Loamy,DAP
Wheat,136,51,44,34.9,36.3,50.2,Black,DAP
Millet,139,49,46,18.2,62.6,83.0,Red,SSP
Millet,82,69,73,28.9,58.8,72.3,Sandy,SSP
Rice,29,65,38,27.7,61.3,63.3,Sandy,Urea
Maize,36,19,44,37.4,65.8,32.9,Loamy,Compost
Maize,38,40,52,23.0,60.9,40.9,Red,SSP
Tomato,60,67,12,34.9,36.1,67.3,Red,Organic
Cotton,63,44,53,33.1,82.9,84.2,Loamy,MOP
Rice,72,17,65,18.7,73.1,31.4,Red,Urea
Maize,116,41,45,36.0,68.0,20.1,Clay,NPK
Maize,93,25,45,16.2,70.2,61.0,Red,NPK
Millet,105,11,62,27.2,47.4,37.7,Clay,MOP
Sugarcane,127,27,72,19.2,70.2,42.5,Red,Compost
Cotton,57,29,12,33.4,51.7,67.6,Black,MOP
Cotton,21,46,15,39.2,69.5,77.5,Black,MOP
Tomato,117,45,26,32.6,36.6,32.0,Black,Organic
Maize,118,40,74,30.5,80.1,46.7,Loamy,NPK
Wheat,138,25,58,26.5,58.3,46.8,Black,DAP
Millet,62,67,10,19.2,73.2,28.3,Sandy,SSP
Rice,91,68,64,16.0,72.7,36.2,Sandy,Urea
Millet,134,53,37,38.4,34.4,48.2,Red,SSP
Millet,76,21,50,27.1,36.8,54.3,Clay,SSP
Millet,112,24,10,30.3,82.6,61.8,Red,SSP
Millet,38,20,29,20.8,30.4,26.3,Red,SSP
Cotton,46,19,48,32.6,37.5,81.2,Sandy,MOP
Cotton,68,42,56,19.3,33.8,59.9,Sandy,MOP
Rice,99,13,35,38.8,64.8,80.5,Black,Urea
Tomato,77,64,16,38.2,62.6,71.4,Red,Organic
Millet,111,11,72,16.8,50.1,71.1,Clay,MOP
Wheat,81,66,27,36.6,89.6,41.0,Black,MOP
Wheat,100,68,53,36.3,48.2,67.2,Red,MOP
Maize,41,55,71,34.1,53.3,50.4,Red,NPK
Rice,63,37,66,29.4,32.7,57.2,Black,Urea
Sugarcane,53,38,47,17.4,60.0,67.0,Loamy,Compost
Wheat,23,78,57,15.9,71.6,43.2,Black,DAP
Maize,69,28,73,31.5,53.1,47.3,Sandy,NPK
Wheat,81,10,25,26.2,70.6,54.6,Red,DAP
Tomato,69,46,17,27.5,67.7,67.6,Sandy,Organic
Millet,130,14,18,26.9,52.3,84.4,Loamy,SSP
Tomato,126,73,56,20.8,67.2,61.3,Clay,Organic
Cotton,62,45,22,18.2,51.1,48.9,Clay,MOP
Rice,67,74,18,15.4,42.5,33.7,Loamy,Urea
Tomato,107,51,10,33.7,86.9,43.7,Red,Organic
Rice,110,72,13,18.4,75.0,82.7,Clay,Urea
Tomato,61,68,38,38.3,69.8,53.0,Clay,Organic
Cotton,120,21,80,34.3,73.9,89.0,Loamy,MOP
Tomato,72,69,30,37.0,81.9,20.8,Loamy,Organic
Cotton,65,56,21,37.1,56.6,56.6,Sandy,Organic
Millet,26,29,54,28.8,74.1,78.9,Loamy,SSP
Tomato,80,14,12,29.0,56.7,58.0,Clay,Organic
Sugarcane,110,72,33,30.9,63.0,69.8,Black,Compost
Millet,104,52,42,38.5,69.4,87.8,Sandy,SSP
Millet,57,53,59,29.5,88.5,54.9,Red,Urea
Rice,119,64,18,34.9,58.0,65.2,Black,Urea
Maize,44,39,52,22.4,41.9,47.0,Red,NPK
Millet,95,50,18,22.9,36.1,61.3,Black,SSP
Rice,113,53,62,27.4,81.5,41.3,Clay,Urea
Millet,31,21,13,21.6,58.6,70.9,Black,SSP
Rice,75,30,71,29.5,73.5,61.7,Loamy,Urea
Millet,115,41,51,34.7,57.1,46.7,Black,SSP
Millet,35,20,35,26.8,53.8,65.5,Red,SSP
Tomato,27,18,32,28.5,39.6,65.3,Red,Organic
Cotton,55,14,28,36.5,71.2,54.7,Black,MOP
Rice,23,18,20,36.3,45.3,24.8,Red,Urea
Cotton,32,30,56,25.1,51.7,66.4,Clay,Organic
Sugarcane,80,32,16,27.2,68.3,57.8,Black,Compost
Cotton,37,27,29,35.1,46.0,82.2,Red,SSP
Tomato,53,35,35,38.1,76.5,34.1,Red,DAP
Tomato,127,18,51,18.2,30.5,40.6,Sandy,Organic
Sugarcane,124,12,15,21.7,39.3,58.3,Loamy,DAP
Cotton,128,57,33,18.2,75.2,81.8,Red,MOP
Sugarcane,79,22,54,34.7,45.8,89.2,Sandy,Compost
Millet,37,80,74,37.8,66.0,46.1,Black,SSP
Sugarcane,85,45,48,38.0,59.8,83.6,Sandy,Compost
Maize,55,23,12,32.2,37.5,58.7,Sandy,NPK
Tomato,76,70,75,38.3,87.6,55.5,Black,Organic
Rice,46,52,73,20.5,58.7,83.0,Sandy,Urea
Tomato,105,48,52,24.3,35.6,63.9,Clay,Organic
Tomato,25,56,46,15.6,38.8,44.2,Black,Urea
Wheat,47,49,59,38.4,70.7,30.7,Red,DAP
Millet,97,41,11,33.3,62.4,36.2,Sandy,SSP
Rice,98,35,22,34.6,43.3,39.8,Red,SSP
Wheat,29,57,28,25.2,43.3,42.7,Black,DAP
Maize,103,36,44,23.9,47.4,82.5,Red,Compost
Tomato,140,54,38,23.6,49.7,40.9,Black,Organic
Maize,107,41,49,34.0,38.6,36.1,Red,NPK
Rice,58,21,29,16.8,67.2,44.7,Sandy,Urea
Millet,121,62,19,21.7,68.5,88.0,Red,SSP
Tomato,70,24,43,19.8,85.6,28.0,Clay,Organic
Maize,126,79,13,16.1,55.2,87.8,Black,NPK
Wheat,56,16,36,33.9,82.7,36.5,Sandy,DAP
Millet,114,31,21,38.5,81.1,48.0,Black,SSP
Rice,33,39,35,21.2,66.2,52.1,Sandy,NPK
Sugarcane,77,31,71,29.9,65.2,55.5,Clay,Compost
Maize,106,41,57,30.9,89.8,30.2,Red,NPK
Millet,91,12,74,36.1,74.5,33.7,Clay,SSP
Wheat,78,55,29,31.6,37.3,63.3,Red,DAP
Tomato,130,64,43,15.5,47.6,82.6,Loamy,Organic
Tomato,70,23,80,37.6,84.8,83.1,Sandy,Organic
Tomato,84,10,64,23.8,41.0,29.7,Clay,SSP
Maize,103,28,28,16.6,68.4,35.7,Sandy,NPK
Cotton,42,78,69,37.3,44.3,22.9,Loamy,MOP
Cotton,114,12,37,15.6,69.0,79.7,Red,MOP
Maize,106,75,32,21.2,43.7,26.8,Red,DAP
Millet,56,17,70,28.7,79.3,48.2,Sandy,SSP
Tomato,36,56,57,29.9,37.8,80.2,Sandy,Organic
Millet,103,18,19,37.1,86.3,44.4,Loamy,Urea
Sugarcane,50,23,54,23.3,70.3,32.8,Loamy,Compost
Millet,127,46,11,18.3,82.3,66.3,Sandy,SSP
Wheat,110,47,34,35.3,72.3,66.0,Sandy,DAP
Rice,121,45,80,37.2,42.0,77.3,Clay,Urea
Maize,61,48,13,21.4,74.8,70.2,Red,NPK
Rice,85,18,56,30.5,81.1,46.6,Red,Urea
Sugarcane,116,44,78,26.2,34.6,22.0,Sandy,NPK
Cotton,126,77,35,17.9,83.5,54.4,Black,MOP
Sugarcane,131,16,61,26.4,47.9,60.0,Clay,Urea
Maize,111,27,16,33.8,78.7,59.7,Clay,NPK
Millet,82,53,28,28.7,87.7,30.8,Red,SSP
Rice,130,73,18,34.5,71.0,85.6,Sandy,DAP
Tomato,62,33,15,16.0,33.3,60.3,Clay,Organic
Rice,52,18,77,37.5,41.0,29.0,Red,Urea
Rice,131,68,50,24.6,78.6,87.4,Red,Urea
Maize,82,58,42,33.9,35.0,42.2,Loamy,NPK
Sugarcane,22,18,49,31.3,85.0,82.5,Clay,Compost
Tomato,97,39,36,22.0,49.3,51.7,Sandy,Organic
Maize,49,41,42,37.7,78.7,64.8,Red,NPK
Sugarcane,96,45,35,23.9,71.2,47.5,Loamy,Compost
Sugarcane,103,11,52,36.8,49.8,39.7,Red,Urea
Sugarcane,125,53,35,33.9,41.7,48.8,Red,DAP
Maize,87,73,22,37.6,81.8,29.3,Red,NPK
Tomato,98,48,53,37.5,80.1,71.3,Black,Organic
Maize,65,79,76,38.5,79.8,63.4,Sandy,NPK
Tomato,119,23,78,25.7,55.3,80.8,Black,Organic
Rice,138,61,41,18.9,31.1,76.9,Black,Urea
Wheat,33,20,55,17.9,89.4,87.7,Clay,DAP
Wheat,109,20,62,29.9,31.7,30.1,Black,DAP
Sugarcane,84,70,75,39.2,54.9,54.1,Clay,Compost
Rice,45,10,45,21.1,36.8,78.2,Loamy,Urea
Maize,48,59,44,31.9,73.8,61.2,Black,NPK
Millet,26,63,21,30.8,41.1,38.8,Sandy,SSP
Wheat,98,40,59,28.5,32.1,66.3,Red,DAP
Maize,30,59,46,18.4,55.8,33.3,Red,Compost
Cotton,80,62,22,24.2,40.7,90.0,Clay,MOP
Tomato,140,47,65,27.9,59.9,25.1,Black,Organic
Wheat,66,42,66,21.8,47.1,47.9,Black,Organic
Cotton,133,50,66,39.9,43.0,88.7,Black,SSP
Maize,77,44,80,21.0,31.9,56.5,Black,NPK
Sugarcane,45,34,58,23.0,79.4,61.5,Black,DAP
Rice,112,77,38,32.6,59.9,43.5,Black,Urea
Rice,106,45,66,35.9,89.8,49.4,Black,Urea
Wheat,51,53,80,15.8,74.2,65.8,Clay,DAP
Cotton,104,46,15,20.7,84.8,82.1,Red,MOP
Millet,125,54,62,25.7,40.2,44.1,Red,SSP
Cotton,23,34,36,28.3,65.1,68.0,Sandy,MOP
Cotton,125,13,67,28.7,49.9,40.6,Sandy,MOP
Cotton,83,47,16,32.3,62.4,58.0,Black,MOP
Cotton,103,26,72,16.8,32.4,47.4,Sandy,MOP
Rice,53,44,51,26.1,50.7,69.3,Sandy,Urea
Wheat,32,71,20,37.6,70.7,36.3,Red,MOP
Millet,45,75,46,20.7,41.7,84.2,Black,SSP
Wheat,54,50,21,24.9,37.6,83.8,Sandy,DAP
Maize,135,78,50,34.2,40.3,32.9,Loamy,NPK
Millet,115,73,66,25.1,42.9,37.0,Black,SSP
Wheat,42,75,51,22.5,44.8,22.8,Red,DAP
Millet,27,30,36,17.6,61.8,85.5,Red,SSP
Cotton,75,40,77,16.9,82.9,72.4,Loamy,MOP
Sugarcane,126,60,39,19.1,47.8,43.6,Clay,Compost
Rice,75,60,57,26.9,46.7,62.3,Black,Urea
Rice,20,56,26,34.5,59.7,87.5,Sandy,Urea
Rice,50,15,74,27.7,88.9,25.6,Black,Urea
Wheat,85,27,67,21.9,34.1,65.8,Red,DAP
Cotton,29,11,46,18.7,74.4,62.5,Black,MOP
Cotton,74,22,54,27.5,77.2,49.5,Sandy,SSP
Maize,110,68,69,16.4,73.5,48.6,Clay,NPK
Tomato,137,58,57,23.8,33.1,31.6,Black,Organic
Tomato,77,29,20,17.0,52.8,79.7,Loamy,Compost
Tomato,105,67,20,16.0,50.1,47.3,Loamy,Organic
Sugarcane,51,70,65,25.1,87.8,72.3,Clay,Compost
Rice,81,28,37,29.5,75.3,79.4,Sandy,SSP
Sugarcane,22,53,26,33.9,34.1,80.9,Clay,Compost
Millet,70,30,14,35.5,55.3,58.6,Sandy,SSP
Rice,43,73,51,17.7,32.8,68.9,Loamy,Urea
Tomato,112,13,69,16.4,56.0,30.8,Loamy,DAP
Rice,136,78,29,19.3,58.8,47.8,Red,DAP
Rice,80,54,52,32.8,89.2,63.0,Loamy,Urea
Rice,59,14,52,25.7,73.7,82.0,Loamy,Urea
Maize,110,32,21,20.1,37.8,48.1,Black,NPK
Maize,79,61,42,39.1,86.4,40.4,Black,NPK
Cotton,23,43,64,16.9,50.1,24.4,Black,MOP
Tomato,101,12,37,15.3,51.6,71.1,Clay,Organic
Millet,36,33,65,30.2,77.9,28.6,Sandy,SSP
Maize,133,65,11,21.9,58.5,20.9,Red,NPK
Wheat,117,34,60,31.8,72.7,69.3,Black,DAP
Maize,37,42,67,20.8,38.5,70.6,Black,NPK
Millet,125,71,74,16.5,40.1,41.2,Red,SSP
Rice,132,52,64,22.8,78.6,82.3,Red,Urea
Cotton,92,25,79,18.6,55.8,37.4,Sandy,MOP
Sugarcane,96,32,51,18.8,74.3,86.1,Clay,Compost
Tomato,92,16,41,25.2,31.5,35.6,Red,Organic
Maize,47,66,48,26.7,75.5,58.8,Black,NPK
Tomato,24,80,41,22.1,36.7,41.4,Sandy,Organic
Tomato,64,48,25,39.3,47.2,89.1,Loamy,Organic
Sugarcane,112,24,56,24.3,85.6,50.6,Loamy,Compost
Tomato,24,35,14,19.9,72.5,84.7,Loamy,Organic
Cotton,72,47,58,27.7,76.8,22.3,Black,DAP
Cotton,138,19,20,26.6,82.8,45.4,Loamy,MOP
Wheat,84,40,48,18.1,41.0,33.4,Sandy,DAP
Maize,47,16,64,23.3,42.7,85.2,Loamy,Compost
Sugarcane,128,71,12,37.7,70.4,89.5,Red,MOP
Sugarcane,75,34,40,26.5,52.1,57.3,Sandy,Compost
Maize,67,60,39,35.6,78.8,78.2,Clay,NPK
Sugarcane,95,74,71,28.7,88.6,71.9,Sandy,Compost
Cotton,61,52,78,37.1,70.5,25.8,Sandy,MOP
Maize,90,10,70,35.5,76.7,43.1,Red,NPK
Sugarcane,120,65,34,37.4,82.0,85.5,Clay,Compost
Maize,110,51,29,33.0,71.1,20.6,Loamy,NPK
Maize,129,25,58,15.1,40.2,48.9,Clay,NPK
Tomato,80,71,33,38.3,71.4,43.6,Red,Organic
Sugarcane,122,54,75,27.8,62.2,27.5,Clay,Compost
Wheat,46,42,34,30.2,48.7,45.3,Clay,DAP
Wheat,114,71,17,34.5,81.0,51.7,Clay,DAP
Cotton,62,33,21,31.1,40.0,50.1,Clay,MOP
Maize,114,10,79,23.3,69.0,83.9,Black,NPK
Tomato,78,65,17,29.8,30.6,67.4,Loamy,Organic
Rice,27,54,46,27.1,66.5,23.8,Red,NPK
Tomato,121,27,39,38.0,46.6,80.7,Clay,Compost
Tomato,28,57,51,39.5,73.9,21.9,Red,Organic
Sugarcane,76,75,37,34.6,36.8,88.5,Red,Organic
Tomato,42,39,58,30.5,38.9,30.6,Red,Organic
Wheat,101,76,26,15.9,62.2,80.9,Sandy,DAP
Maize,65,58,15,24.4,38.5,50.1,Clay,DAP
Millet,116,59,17,15.4,54.5,68.4,Black,SSP
Millet,108,28,62,33.3,80.0,38.4,Clay,SSP
Cotton,139,67,30,34.6,70.8,79.1,Red,MOP
Sugarcane,68,64,41,30.8,42.2,31.5,Black,Compost
Tomato,72,30,49,15.1,39.0,62.0,Sandy,Organic
Wheat,118,43,26,39.9,84.3,59.2,Sandy,DAP
Maize,44,76,29,32.1,51.6,52.8,Clay,NPK
Maize,57,14,43,24.2,75.2,32.5,Sandy,NPK
Wheat,135,40,61,37.6,55.8,52.1,Sandy,DAP
Tomato,105,38,11,32.9,60.9,79.0,Sandy,Organic
Sugarcane,119,57,67,35.2,36.1,38.2,Clay,Compost
Cotton,22,32,46,31.0,59.3,65.4,Black,MOP
Rice,52,55,76,21.0,55.0,83.2,Black,Urea
Rice,79,51,57,38.2,39.9,58.1,Clay,NPK
Tomato,70,27,35,36.6,89.5,77.1,Red,Organic
Cotton,140,62,39,23.7,69.2,73.8,Loamy,MOP
Millet,75,10,22,18.1,33.9,37.6,Black,SSP
Tomato,31,39,13,38.9,78.8,56.5,Loamy,DAP
Cotton,105,35,34,21.4,41.5,89.6,Sandy,Compost
Wheat,120,18,56,39.3,73.5,79.4,Black,DAP
Sugarcane,61,73,28,36.5,74.0,23.6,Clay,Compost
Tomato,44,69,48,31.2,85.3,36.4,Clay,Organic
Millet,45,37,25,38.6,80.2,84.7,Loamy,Urea
Wheat,68,61,14,36.7,51.7,41.0,Clay,DAP
Wheat,126,15,61,34.4,40.6,57.1,Red,SSP
Millet,54,51,12,29.5,44.9,78.8,Loamy,SSP
Millet,113,19,22,19.2,57.8,37.5,Loamy,SSP
Sugarcane,138,56,19,21.0,63.8,33.0,Clay,Compost
Sugarcane,89,50,44,35.7,53.5,56.2,Clay,Compost
Maize,108,24,44,33.0,33.2,83.5,Loamy,NPK
Rice,48,50,31,22.1,62.0,57.5,Loamy,Urea
Rice,65,31,27,20.2,63.7,76.6,Black,Urea
Maize,26,15,46,24.2,58.8,88.1,Sandy,NPK
Sugarcane,120,41,51,32.9,73.4,85.0,Sandy,Compost
Maize,66,18,27,18.1,66.4,78.0,Black,NPK
Rice,137,54,40,33.2,62.8,54.2,Red,Urea
Millet,47,10,48,19.2,39.8,64.7,Red,SSP
Rice,102,67,74,23.3,35.1,55.5,Clay,Organic
Cotton,50,26,60,24.5,65.4,50.4,Black,MOP
Rice,30,22,43,25.2,84.5,48.4,Loamy,Urea
Cotton,110,61,71,16.5,59.1,47.2,Black,Urea
Maize,70,63,49,16.9,40.3,66.4,Clay,NPK
Maize,133,59,29,16.5,75.6,22.8,Sandy,NPK
Maize,23,73,33,37.6,44.7,39.8,Red,NPK
Millet,48,53,16,22.8,31.4,68.4,Clay,Organic
Rice,91,51,48,22.1,30.7,58.4,Black,Urea
Sugarcane,75,50,79,20.2,39.3,23.9,Red,Compost
Millet,114,56,33,16.9,47.1,29.6,Sandy,SSP
Sugarcane,65,46,74,17.3,52.3,63.6,Red,Compost
Millet,74,33,61,29.2,61.3,63.2,Red,SSP
Rice,140,40,23,34.0,52.1,21.5,Red,Urea
Wheat,90,51,39,18.8,30.6,45.4,Clay,DAP
Tomato,91,15,49,20.5,37.0,34.0,Loamy,Organic
Tomato,127,46,18,25.2,54.4,51.4,Red,Organic
Tomato,27,80,13,26.0,79.8,28.0,Red,Organic
Tomato,110,12,42,22.6,35.2,74.1,Red,Organic
Maize,27,30,69,34.3,49.4,62.2,Clay,DAP
Cotton,129,31,24,24.9,88.1,36.3,Black,MOP
Rice,24,45,39,36.2,83.4,82.9,Black,Urea
Cotton,31,67,46,23.0,86.6,69.3,Black,MOP
Tomato,118,74,58,21.1,65.1,59.1,Loamy,Organic
Wheat,98,75,56,23.7,79.2,62.2,Sandy,DAP
Maize,102,43,25,36.7,56.7,62.6,Clay,NPK
Maize,80,11,43,21.5,86.0,29.8,Loamy,NPK
Cotton,101,79,14,37.9,38.5,88.9,Red,Compost
Maize,103,24,41,33.6,75.5,67.9,Black,NPK
Tomato,127,20,60,27.2,61.1,33.1,Clay,Compost
Tomato,100,62,34,23.0,55.4,62.7,Red,Organic
Tomato,127,32,38,25.4,34.3,31.6,Sandy,Organic
Rice,129,80,30,22.8,53.0,51.3,Sandy,Organic
Wheat,78,67,19,21.6,69.5,71.8,Black,DAP
Rice,80,18,44,30.0,60.3,67.5,Sandy,Urea
Rice,97,52,79,24.3,39.1,36.5,Red,Compost
Sugarcane,121,77,12,31.6,42.4,31.3,Red,Compost
Cotton,91,39,71,33.1,74.7,49.6,Loamy,MOP
Millet,46,43,20,32.0,47.5,28.6,Clay,SSP
Cotton,23,15,53,16.6,64.0,60.1,Red,MOP
Cotton,110,28,50,29.7,70.3,60.5,Sandy,MOP
Wheat,52,41,59,31.0,77.9,56.3,Clay,NPK
Tomato,135,62,33,38.6,70.5,48.2,Black,Organic
Cotton,40,44,70,29.9,87.8,50.8,Red,MOP
Wheat,118,79,44,16.8,39.9,35.7,Clay,DAP
Millet,114,77,60,26.5,31.8,68.1,Black,SSP
Sugarcane,96,68,59,23.1,71.6,74.4,Loamy,Compost
Maize,114,34,26,24.0,61.6,58.9,Black,NPK
Wheat,30,47,68,38.8,49.4,51.5,Sandy,DAP
Wheat,48,56,49,28.6,40.3,63.7,Sandy,DAP
Cotton,46,40,75,37.9,87.8,49.3,Red,Organic
Rice,117,62,52,22.0,55.2,80.8,Red,Urea
